file,timestamp,2022-05-02T12:26:49
database,id,nrfa-public-21
database,name,UK National River Flow Archive
station,id,69045
station,name,Bollin at Bollington Mill Total
station,gridReference,SJ7305287054
station,descriptionSummary,Flat V Weir station which accounts for various diverted waters. Replaced 69006 Bollin at Dunham Massey.
station,descriptionGeneral,"Flat V Weir with tapered downstream face. 11.6m wide B.S. This station replaces 69006 Bollin at Dunham Massey (750m downstream), which was closed as a flow station on 10/01/2002."
station,descriptionStationHydrometry,Flows contained and modular to bank full at 2m. Mill race on right bank has been present since the station was opened and takes approximately 10% of flow under low flow conditions. In 2009 a larinier fish pass was constructed on the left bank approximately 40m upstream of the station which takes approximately 25% of the flow at Q95.
station,descriptionFlowRecord,"The NRFA holds the combined record (main channel, mill race and fish pass), which has been produced since 19/11/2009. EA hold earlier data for the main channel."
station,descriptionCatchment,Mixed geology but with extensive Drift cover (some Millstone Grit exposed in headwaters). Land use is very mixed - a predominantly rural catchment but with Macclesfield below the headwaters and other urban centres.
station,descriptionFlowRegime,Very responsive regime. Reservoirs and many industrial abstractions and discharges affect low flows particularly.
dataType,id,gdf
dataType,name,Gauged Daily Flow
dataType,parameter,Flow
dataType,units,m3/s
dataType,period,day (P1D)
dataType,measurementType,Mean
data,first,2009-11-19
data,last,2020-09-30
2009-11-19,5.960
2009-11-20,5.060
2009-11-21,4.930
2009-11-22,5.790
2009-11-23,14.400
2009-11-24,13.300
2009-11-25,16.300
2009-11-26,8.290
2009-11-27,6.910
2009-11-28,8.110
2009-11-29,9.190
2009-11-30,7.400
2009-12-01,5.710
2009-12-02,5.610
2009-12-03,11.300
2009-12-04,8.420
2009-12-05,8.550
2009-12-06,10.900
2009-12-07,7.430
2009-12-08,8.900
2009-12-09,6.330
2009-12-10,5.790
2009-12-11,4.860
2009-12-12,4.290
2009-12-13,3.900
2009-12-14,4.160
2009-12-15,4.400
2009-12-16,4.610
2009-12-17,4.660
2009-12-18,3.640
2009-12-19,3.530
2009-12-20,3.700
2009-12-21,3.500
2009-12-22,3.350
2009-12-23,3.240
2009-12-24,4.160
2009-12-25,4.300
2009-12-26,8.380
2009-12-27,14.000
2009-12-28,8.200
2009-12-29,6.240
2009-12-30,7.140
2009-12-31,5.290
2010-01-01,4.280
2010-01-02,4.670
2010-01-03,4.060
2010-01-04,3.540
2010-01-05,3.660
2010-01-06,3.370
2010-01-07,2.530
2010-01-08,2.740
2010-01-09,3.000
2010-01-10,3.200
2010-01-11,3.180
2010-01-12,3.240
2010-01-13,3.250
2010-01-14,3.230
2010-01-15,12.400
2010-01-16,16.200
2010-01-17,8.850
2010-01-18,6.670
2010-01-19,5.860
2010-01-20,4.890
2010-01-21,4.310
2010-01-22,7.200
2010-01-23,5.880
2010-01-24,5.600
2010-01-25,5.190
2010-01-26,4.330
2010-01-27,4.070
2010-01-28,4.280
2010-01-29,6.120
2010-01-30,4.240
2010-01-31,3.820
2010-02-01,3.650
2010-02-02,12.400
2010-02-03,9.100
2010-02-04,8.520
2010-02-05,6.640
2010-02-06,5.190
2010-02-07,4.510
2010-02-08,4.140
2010-02-09,3.690
2010-02-10,3.380
2010-02-11,3.170
2010-02-12,3.120
2010-02-13,3.030
2010-02-14,2.940
2010-02-15,3.950
2010-02-16,4.820
2010-02-17,3.650
2010-02-18,3.580
2010-02-19,3.970
2010-02-20,3.470
2010-02-21,4.000
2010-02-22,3.700
2010-02-23,3.370
2010-02-24,3.680
2010-02-25,3.830
2010-02-26,15.900
2010-02-27,8.700
2010-02-28,6.210
2010-03-01,4.950
2010-03-02,4.210
2010-03-03,3.870
2010-03-04,3.590
2010-03-05,3.170
2010-03-06,3.030
2010-03-07,2.860
2010-03-08,2.740
2010-03-09,2.620
2010-03-10,2.550
2010-03-11,2.540
2010-03-12,2.450
2010-03-13,2.320
2010-03-14,2.270
2010-03-15,2.230
2010-03-16,2.260
2010-03-17,2.230
2010-03-18,2.230
2010-03-19,2.530
2010-03-20,3.440
2010-03-21,2.640
2010-03-22,2.460
2010-03-23,2.580
2010-03-24,2.760
2010-03-25,3.570
2010-03-26,4.740
2010-03-27,3.190
2010-03-28,2.700
2010-03-29,3.340
2010-03-30,5.920
2010-03-31,9.200
2010-04-01,6.990
2010-04-02,5.770
2010-04-03,4.890
2010-04-04,3.890
2010-04-05,3.540
2010-04-06,3.230
2010-04-07,3.020
2010-04-08,2.730
2010-04-09,2.600
2010-04-10,2.510
2010-04-11,2.360
2010-04-12,2.310
2010-04-13,2.280
2010-04-14,2.200
2010-04-15,2.120
2010-04-16,2.130
2010-04-17,2.080
2010-04-18,2.050
2010-04-19,2.070
2010-04-20,2.000
2010-04-21,1.950
2010-04-22,1.930
2010-04-23,1.920
2010-04-24,1.930
2010-04-25,2.260
2010-04-26,2.050
2010-04-27,1.900
2010-04-28,1.890
2010-04-29,2.250
2010-04-30,2.560
2010-05-01,2.470
2010-05-02,1.930
2010-05-03,1.810
2010-05-04,1.790
2010-05-05,1.840
2010-05-06,1.850
2010-05-07,1.810
2010-05-08,1.710
2010-05-09,1.690
2010-05-10,1.680
2010-05-11,1.720
2010-05-12,1.680
2010-05-13,1.630
2010-05-14,1.620
2010-05-15,1.580
2010-05-16,1.540
2010-05-17,1.540
2010-05-18,1.500
2010-05-19,1.500
2010-05-20,1.470
2010-05-21,1.460
2010-05-22,1.390
2010-05-23,1.340
2010-05-24,1.340
2010-05-25,1.390
2010-05-26,1.420
2010-05-27,1.460
2010-05-28,1.730
2010-05-29,2.120
2010-05-30,1.850
2010-05-31,1.430
2010-06-01,1.420
2010-06-02,1.390
2010-06-03,1.370
2010-06-04,1.300
2010-06-05,1.270
2010-06-06,2.710
2010-06-07,2.640
2010-06-08,2.500
2010-06-09,1.710
2010-06-10,1.510
2010-06-11,1.460
2010-06-12,1.340
2010-06-13,1.630
2010-06-14,1.690
2010-06-15,1.380
2010-06-16,1.290
2010-06-17,1.260
2010-06-18,1.280
2010-06-19,1.240
2010-06-20,1.240
2010-06-21,1.240
2010-06-22,1.180
2010-06-23,1.170
2010-06-24,1.170
2010-06-25,1.200
2010-06-26,1.120
2010-06-27,1.090
2010-06-28,1.300
2010-06-29,1.550
2010-06-30,1.170
2010-07-01,1.220
2010-07-02,1.480
2010-07-03,1.120
2010-07-04,1.090
2010-07-05,1.060
2010-07-06,1.140
2010-07-07,1.360
2010-07-08,1.250
2010-07-09,1.170
2010-07-10,1.110
2010-07-11,1.090
2010-07-12,1.400
2010-07-13,1.420
2010-07-14,1.590
2010-07-15,1.970
2010-07-16,2.210
2010-07-17,1.830
2010-07-18,1.850
2010-07-19,2.020
2010-07-20,4.720
2010-07-21,2.920
2010-07-22,2.070
2010-07-23,1.510
2010-07-24,1.360
2010-07-25,1.310
2010-07-26,1.770
2010-07-27,1.660
2010-07-28,1.470
2010-07-29,1.380
2010-07-30,2.850
2010-07-31,2.340
2010-08-01,1.570
2010-08-02,1.400
2010-08-03,1.750
2010-08-04,3.850
2010-08-05,1.970
2010-08-06,1.590
2010-08-07,1.490
2010-08-08,1.400
2010-08-09,1.440
2010-08-10,1.400
2010-08-11,1.370
2010-08-12,7.570
2010-08-13,5.650
2010-08-14,5.230
2010-08-15,2.890
2010-08-16,2.350
2010-08-17,2.370
2010-08-18,2.340
2010-08-19,2.450
2010-08-20,2.290
2010-08-21,2.000
2010-08-22,1.790
2010-08-23,2.900
2010-08-24,2.480
2010-08-25,1.900
2010-08-26,1.740
2010-08-27,1.640
2010-08-28,2.030
2010-08-29,2.920
2010-08-30,1.940
2010-08-31,1.720
2010-09-01,1.620
2010-09-02,1.510
2010-09-03,1.450
2010-09-04,1.410
2010-09-05,1.360
2010-09-06,2.270
2010-09-07,3.360
2010-09-08,1.890
2010-09-09,1.660
2010-09-10,2.260
2010-09-11,3.210
2010-09-12,2.700
2010-09-13,2.200
2010-09-14,3.860
2010-09-15,3.330
2010-09-16,2.970
2010-09-17,2.340
2010-09-18,2.340
2010-09-19,4.390
2010-09-20,3.310
2010-09-21,2.640
2010-09-22,2.320
2010-09-23,,M
2010-09-24,,M
2010-09-25,,M
2010-09-26,,M
2010-09-27,,M
2010-09-28,,M
2010-09-29,,M
2010-09-30,,M
2010-10-01,,M
2010-10-02,,M
2010-10-03,,M
2010-10-04,,M
2010-10-05,,M
2010-10-06,,M
2010-10-07,,M
2010-10-08,,M
2010-10-09,,M
2010-10-10,,M
2010-10-11,,M
2010-10-12,,M
2010-10-13,,M
2010-10-14,,M
2010-10-15,,M
2010-10-16,,M
2010-10-17,,M
2010-10-18,,M
2010-10-19,,M
2010-10-20,,M
2010-10-21,,M
2010-10-22,,M
2010-10-23,,M
2010-10-24,,M
2010-10-25,,M
2010-10-26,,M
2010-10-27,,M
2010-10-28,,M
2010-10-29,,M
2010-10-30,,M
2010-10-31,,M
2010-11-01,,M
2010-11-02,,M
2010-11-03,,M
2010-11-04,,M
2010-11-05,,M
2010-11-06,,M
2010-11-07,,M
2010-11-08,,M
2010-11-09,,M
2010-11-10,,M
2010-11-11,,M
2010-11-12,,M
2010-11-13,,M
2010-11-14,,M
2010-11-15,,M
2010-11-16,,M
2010-11-17,,M
2010-11-18,,M
2010-11-19,,M
2010-11-20,,M
2010-11-21,,M
2010-11-22,,M
2010-11-23,,M
2010-11-24,,M
2010-11-25,,M
2010-11-26,,M
2010-11-27,,M
2010-11-28,,M
2010-11-29,,M
2010-11-30,,M
2010-12-01,,M
2010-12-02,,M
2010-12-03,,M
2010-12-04,,M
2010-12-05,,M
2010-12-06,,M
2010-12-07,,M
2010-12-08,,M
2010-12-09,,M
2010-12-10,,M
2010-12-11,,M
2010-12-12,,M
2010-12-13,,M
2010-12-14,,M
2010-12-15,,M
2010-12-16,,M
2010-12-17,,M
2010-12-18,,M
2010-12-19,,M
2010-12-20,,M
2010-12-21,,M
2010-12-22,,M
2010-12-23,,M
2010-12-24,,M
2010-12-25,,M
2010-12-26,,M
2010-12-27,,M
2010-12-28,,M
2010-12-29,,M
2010-12-30,,M
2010-12-31,,M
2011-01-01,2.950
2011-01-02,2.660
2011-01-03,2.430
2011-01-04,2.480
2011-01-05,9.360
2011-01-06,5.290
2011-01-07,4.790
2011-01-08,7.740
2011-01-09,4.900
2011-01-10,4.370
2011-01-11,4.650
2011-01-12,6.900
2011-01-13,8.340
2011-01-14,5.640
2011-01-15,4.770
2011-01-16,6.870
2011-01-17,5.840
2011-01-18,4.230
2011-01-19,3.590
2011-01-20,3.300
2011-01-21,3.020
2011-01-22,2.740
2011-01-23,2.650
2011-01-24,2.600
2011-01-25,3.590
2011-01-26,3.650
2011-01-27,2.940
2011-01-28,2.610
2011-01-29,2.400
2011-01-30,2.300
2011-01-31,2.230
2011-02-01,2.590
2011-02-02,2.490
2011-02-03,2.560
2011-02-04,4.380
2011-02-05,30.300
2011-02-06,28.000
2011-02-07,12.000
2011-02-08,7.770
2011-02-09,6.840
2011-02-10,7.220
2011-02-11,6.640
2011-02-12,8.420
2011-02-13,12.800
2011-02-14,10.500
2011-02-15,7.470
2011-02-16,6.380
2011-02-17,5.000
2011-02-18,4.360
2011-02-19,7.100
2011-02-20,5.270
2011-02-21,4.590
2011-02-22,4.220
2011-02-23,5.060
2011-02-24,4.260
2011-02-25,4.950
2011-02-26,13.300
2011-02-27,8.990
2011-02-28,6.350
2011-03-01,4.960
2011-03-02,4.200
2011-03-03,3.750
2011-03-04,3.460
2011-03-05,3.240
2011-03-06,3.010
2011-03-07,2.820
2011-03-08,2.730
2011-03-09,2.700
2011-03-10,2.650
2011-03-11,2.500
2011-03-12,2.530
2011-03-13,3.180
2011-03-14,2.530
2011-03-15,2.390
2011-03-16,2.340
2011-03-17,2.250
2011-03-18,2.140
2011-03-19,2.070
2011-03-20,2.090
2011-03-21,1.940
2011-03-22,1.880
2011-03-23,1.870
2011-03-24,1.840
2011-03-25,1.830
2011-03-26,1.790
2011-03-27,1.770
2011-03-28,1.730
2011-03-29,1.720
2011-03-30,1.940
2011-03-31,2.480
2011-04-01,1.930
2011-04-02,1.800
2011-04-03,2.350
2011-04-04,2.320
2011-04-05,2.310
2011-04-06,1.910
2011-04-07,1.730
2011-04-08,1.670
2011-04-09,1.620
2011-04-10,1.540
2011-04-11,1.660
2011-04-12,1.520
2011-04-13,1.490
2011-04-14,1.560
2011-04-15,1.450
2011-04-16,1.410
2011-04-17,1.380
2011-04-18,1.410
2011-04-19,1.460
2011-04-20,1.370
2011-04-21,1.430
2011-04-22,1.350
2011-04-23,1.330
2011-04-24,1.310
2011-04-25,1.300
2011-04-26,1.300
2011-04-27,1.320
2011-04-28,1.350
2011-04-29,1.260
2011-04-30,1.210
2011-05-01,1.170
2011-05-02,1.160
2011-05-03,1.160
2011-05-04,1.170
2011-05-05,1.240
2011-05-06,1.490
2011-05-07,2.130
2011-05-08,2.150
2011-05-09,1.750
2011-05-10,1.640
2011-05-11,1.360
2011-05-12,1.350
2011-05-13,1.830
2011-05-14,1.800
2011-05-15,1.540
2011-05-16,1.910
2011-05-17,1.850
2011-05-18,1.510
2011-05-19,1.360
2011-05-20,1.310
2011-05-21,1.310
2011-05-22,1.820
2011-05-23,1.590
2011-05-24,1.390
2011-05-25,1.290
2011-05-26,1.620
2011-05-27,1.430
2011-05-28,1.280
2011-05-29,1.260
2011-05-30,2.280
2011-05-31,2.090
2011-06-01,1.510
2011-06-02,1.330
2011-06-03,1.240
2011-06-04,1.200
2011-06-05,1.310
2011-06-06,1.210
2011-06-07,1.410
2011-06-08,1.630
2011-06-09,1.470
2011-06-10,1.290
2011-06-11,1.200
2011-06-12,2.220
2011-06-13,1.700
2011-06-14,1.300
2011-06-15,1.710
2011-06-16,1.600
2011-06-17,1.380
2011-06-18,2.000
2011-06-19,1.560
2011-06-20,1.500
2011-06-21,1.720
2011-06-22,3.000
2011-06-23,2.870
2011-06-24,2.060
2011-06-25,2.280
2011-06-26,1.740
2011-06-27,1.740
2011-06-28,1.500
2011-06-29,1.560
2011-06-30,1.520
2011-07-01,1.320
2011-07-02,1.240
2011-07-03,1.130
2011-07-04,1.100
2011-07-05,1.130
2011-07-06,1.420
2011-07-07,1.480
2011-07-08,1.550
2011-07-09,1.550
2011-07-10,1.270
2011-07-11,1.250
2011-07-12,1.130
2011-07-13,1.120
2011-07-14,1.030
2011-07-15,1.030
2011-07-16,2.110
2011-07-17,6.050
2011-07-18,10.700
2011-07-19,5.410
2011-07-20,3.110
2011-07-21,2.420
2011-07-22,2.090
2011-07-23,2.000
2011-07-24,1.640
2011-07-25,1.500
2011-07-26,1.390
2011-07-27,1.290
2011-07-28,1.270
2011-07-29,1.230
2011-07-30,1.180
2011-07-31,1.150
2011-08-01,1.170
2011-08-02,1.280
2011-08-03,1.160
2011-08-04,1.630
2011-08-05,1.270
2011-08-06,1.620
2011-08-07,1.350
2011-08-08,1.340
2011-08-09,1.150
2011-08-10,2.530
2011-08-11,2.260
2011-08-12,1.760
2011-08-13,1.420
2011-08-14,1.210
2011-08-15,1.250
2011-08-16,1.610
2011-08-17,1.360
2011-08-18,1.230
2011-08-19,1.240
2011-08-20,1.230
2011-08-21,1.290
2011-08-22,1.220
2011-08-23,1.110
2011-08-24,1.120
2011-08-25,1.830
2011-08-26,1.530
2011-08-27,2.160
2011-08-28,1.680
2011-08-29,1.520
2011-08-30,1.450
2011-08-31,1.270
2011-09-01,1.180
2011-09-02,1.120
2011-09-03,1.100
2011-09-04,1.100
2011-09-05,1.280
2011-09-06,1.880
2011-09-07,1.860
2011-09-08,1.610
2011-09-09,1.340
2011-09-10,1.260
2011-09-11,1.270
2011-09-12,1.520
2011-09-13,1.170
2011-09-14,1.130
2011-09-15,1.130
2011-09-16,1.370
2011-09-17,1.460
2011-09-18,1.260
2011-09-19,1.160
2011-09-20,1.550
2011-09-21,1.290
2011-09-22,1.150
2011-09-23,1.060
2011-09-24,1.040
2011-09-25,1.040
2011-09-26,1.020
2011-09-27,0.993
2011-09-28,1.050
2011-09-29,1.060
2011-09-30,1.050
2011-10-01,0.936
2011-10-02,1.140
2011-10-03,1.160
2011-10-04,1.030
2011-10-05,1.410
2011-10-06,2.380
2011-10-07,2.520
2011-10-08,2.680
2011-10-09,5.070
2011-10-10,4.120
2011-10-11,6.910
2011-10-12,7.530
2011-10-13,4.150
2011-10-14,2.810
2011-10-15,2.210
2011-10-16,1.940
2011-10-17,2.070
2011-10-18,2.600
2011-10-19,2.670
2011-10-20,2.200
2011-10-21,1.920
2011-10-22,1.840
2011-10-23,1.740
2011-10-24,1.650
2011-10-25,1.680
2011-10-26,1.590
2011-10-27,1.830
2011-10-28,1.700
2011-10-29,1.560
2011-10-30,1.560
2011-10-31,1.640
2011-11-01,2.430
2011-11-02,1.750
2011-11-03,2.000
2011-11-04,3.030
2011-11-05,3.300
2011-11-06,2.170
2011-11-07,1.880
2011-11-08,1.810
2011-11-09,1.730
2011-11-10,1.640
2011-11-11,2.200
2011-11-12,3.070
2011-11-13,2.070
2011-11-14,1.860
2011-11-15,1.710
2011-11-16,1.620
2011-11-17,1.550
2011-11-18,1.540
2011-11-19,1.540
2011-11-20,1.520
2011-11-21,1.570
2011-11-22,1.510
2011-11-23,1.420
2011-11-24,1.440
2011-11-25,1.910
2011-11-26,1.540
2011-11-27,1.780
2011-11-28,1.590
2011-11-29,2.330
2011-11-30,2.140
2011-12-01,2.050
2011-12-02,1.880
2011-12-03,2.230
2011-12-04,3.520
2011-12-05,9.530
2011-12-06,13.000
2011-12-07,8.180
2011-12-08,6.790
2011-12-09,10.300
2011-12-10,9.140
2011-12-11,8.640
2011-12-12,6.960
2011-12-13,9.460
2011-12-14,5.550
2011-12-15,6.900
2011-12-16,6.890
2011-12-17,10.200
2011-12-18,7.000
2011-12-19,12.000
2011-12-20,12.200
2011-12-21,12.200
2011-12-22,7.650
2011-12-23,17.000
2011-12-24,11.900
2011-12-25,8.480
2011-12-26,6.080
2011-12-27,4.980
2011-12-28,4.580
2011-12-29,9.580
2011-12-30,18.100
2011-12-31,15.600
2012-01-01,10.400
2012-01-02,7.880
2012-01-03,11.600
2012-01-04,11.800
2012-01-05,12.000
2012-01-06,8.580
2012-01-07,9.540
2012-01-08,6.810
2012-01-09,5.990
2012-01-10,5.180
2012-01-11,5.910
2012-01-12,5.230
2012-01-13,4.200
2012-01-14,3.750
2012-01-15,3.460
2012-01-16,3.240
2012-01-17,3.060
2012-01-18,3.190
2012-01-19,4.450
2012-01-20,16.300
2012-01-21,9.460
2012-01-22,6.020
2012-01-23,4.960
2012-01-24,6.460
2012-01-25,5.980
2012-01-26,7.170
2012-01-27,13.600
2012-01-28,9.550
2012-01-29,6.380
2012-01-30,5.180
2012-01-31,4.370
2012-02-01,3.770
2012-02-02,3.360
2012-02-03,3.110
2012-02-04,3.160
2012-02-05,3.900
2012-02-06,9.030
2012-02-07,5.740
2012-02-08,4.280
2012-02-09,5.540
2012-02-10,5.870
2012-02-11,4.530
2012-02-12,4.260
2012-02-13,5.310
2012-02-14,4.750
2012-02-15,4.250
2012-02-16,4.990
2012-02-17,7.860
2012-02-18,9.200
2012-02-19,6.380
2012-02-20,5.150
2012-02-21,4.700
2012-02-22,4.920
2012-02-23,5.260
2012-02-24,4.220
2012-02-25,3.690
2012-02-26,3.380
2012-02-27,3.240
2012-02-28,3.150
2012-02-29,3.000
2012-03-01,2.790
2012-03-02,2.680
2012-03-03,2.660
2012-03-04,5.130
2012-03-05,3.880
2012-03-06,3.210
2012-03-07,3.600
2012-03-08,3.070
2012-03-09,2.810
2012-03-10,2.610
2012-03-11,2.500
2012-03-12,2.450
2012-03-13,2.370
2012-03-14,2.310
2012-03-15,2.260
2012-03-16,2.240
2012-03-17,2.520
2012-03-18,3.060
2012-03-19,2.380
2012-03-20,2.230
2012-03-21,2.200
2012-03-22,2.150
2012-03-23,2.110
2012-03-24,1.970
2012-03-25,1.930
2012-03-26,1.900
2012-03-27,1.860
2012-03-28,1.850
2012-03-29,1.810
2012-03-30,1.800
2012-03-31,1.800
2012-04-01,1.740
2012-04-02,1.810
2012-04-03,2.140
2012-04-04,2.400
2012-04-05,1.910
2012-04-06,1.900
2012-04-07,2.230
2012-04-08,2.250
2012-04-09,5.530
2012-04-10,4.640
2012-04-11,5.320
2012-04-12,5.110
2012-04-13,3.830
2012-04-14,3.130
2012-04-15,2.660
2012-04-16,2.510
2012-04-17,3.310
2012-04-18,3.360
2012-04-19,5.900
2012-04-20,7.080
2012-04-21,6.580
2012-04-22,12.700
2012-04-23,7.780
2012-04-24,5.210
2012-04-25,7.680
2012-04-26,11.300
2012-04-27,13.300
2012-04-28,7.520
2012-04-29,8.040
2012-04-30,5.480
2012-05-01,4.400
2012-05-02,3.720
2012-05-03,3.270
2012-05-04,3.000
2012-05-05,2.750
2012-05-06,2.550
2012-05-07,3.460
2012-05-08,4.670
2012-05-09,6.110
2012-05-10,11.300
2012-05-11,6.520
2012-05-12,4.400
2012-05-13,3.620
2012-05-14,3.510
2012-05-15,5.130
2012-05-16,3.610
2012-05-17,3.120
2012-05-18,3.300
2012-05-19,3.720
2012-05-20,2.840
2012-05-21,2.550
2012-05-22,2.290
2012-05-23,2.120
2012-05-24,2.040
2012-05-25,1.930
2012-05-26,1.820
2012-05-27,1.730
2012-05-28,1.690
2012-05-29,1.720
2012-05-30,1.690
2012-05-31,2.240
2012-06-01,1.940
2012-06-02,1.850
2012-06-03,3.610
2012-06-04,2.390
2012-06-05,1.890
2012-06-06,2.250
2012-06-07,2.700
2012-06-08,10.800
2012-06-09,21.000
2012-06-10,9.610
2012-06-11,5.550
2012-06-12,3.930
2012-06-13,3.300
2012-06-14,3.410
2012-06-15,6.680
2012-06-16,4.750
2012-06-17,4.150
2012-06-18,3.320
2012-06-19,2.800
2012-06-20,2.430
2012-06-21,3.160
2012-06-22,11.000
2012-06-23,7.500
2012-06-24,16.800
2012-06-25,7.010
2012-06-26,4.940
2012-06-27,3.990
2012-06-28,3.660
2012-06-29,3.230
2012-06-30,3.310
2012-07-01,3.000
2012-07-02,3.790
2012-07-03,3.890
2012-07-04,5.280
2012-07-05,8.600
2012-07-06,25.900
2012-07-07,12.900
2012-07-08,6.950
2012-07-09,6.190
2012-07-10,19.100
2012-07-11,10.700
2012-07-12,6.440
2012-07-13,7.680
2012-07-14,6.350
2012-07-15,4.600
2012-07-16,4.520
2012-07-17,4.700
2012-07-18,3.840
2012-07-19,5.130
2012-07-20,7.360
2012-07-21,4.510
2012-07-22,3.600
2012-07-23,3.100
2012-07-24,2.870
2012-07-25,2.690
2012-07-26,2.510
2012-07-27,2.330
2012-07-28,2.730
2012-07-29,2.870
2012-07-30,3.490
2012-07-31,3.350
2012-08-01,3.170
2012-08-02,3.010
2012-08-03,2.740
2012-08-04,2.650
2012-08-05,2.600
2012-08-06,2.360
2012-08-07,2.450
2012-08-08,2.210
2012-08-09,2.150
2012-08-10,2.100
2012-08-11,2.050
2012-08-12,2.120
2012-08-13,2.090
2012-08-14,2.020
2012-08-15,4.440
2012-08-16,2.740
2012-08-17,2.220
2012-08-18,2.010
2012-08-19,2.040
2012-08-20,1.970
2012-08-21,1.940
2012-08-22,1.920
2012-08-23,1.950
2012-08-24,3.290
2012-08-25,11.200
2012-08-26,10.200
2012-08-27,5.150
2012-08-28,4.260
2012-08-29,7.180
2012-08-30,5.020
2012-08-31,3.520
2012-09-01,3.060
2012-09-02,2.710
2012-09-03,2.510
2012-09-04,2.370
2012-09-05,2.280
2012-09-06,2.100
2012-09-07,2.110
2012-09-08,1.990
2012-09-09,1.920
2012-09-10,2.210
2012-09-11,2.980
2012-09-12,3.490
2012-09-13,2.570
2012-09-14,2.310
2012-09-15,2.020
2012-09-16,2.290
2012-09-17,2.250
2012-09-18,2.740
2012-09-19,2.810
2012-09-20,3.250
2012-09-21,2.990
2012-09-22,2.510
2012-09-23,2.790
2012-09-24,21.900
2012-09-25,28.100
2012-09-26,28.900
2012-09-27,13.700
2012-09-28,9.870
2012-09-29,7.510
2012-09-30,7.670
2012-10-01,7.490
2012-10-02,7.520
2012-10-03,6.180
2012-10-04,5.480
2012-10-05,7.130
2012-10-06,6.180
2012-10-07,4.640
2012-10-08,4.110
2012-10-09,3.740
2012-10-10,3.430
2012-10-11,9.980
2012-10-12,24.300
2012-10-13,8.880
2012-10-14,6.090
2012-10-15,5.230
2012-10-16,5.690
2012-10-17,6.360
2012-10-18,6.240
2012-10-19,5.000
2012-10-20,4.210
2012-10-21,3.800
2012-10-22,3.730
2012-10-23,3.490
2012-10-24,3.390
2012-10-25,3.220
2012-10-26,3.070
2012-10-27,2.820
2012-10-28,3.410
2012-10-29,3.300
2012-10-30,3.150
2012-10-31,4.240
2012-11-01,5.240
2012-11-02,3.750
2012-11-03,3.340
2012-11-04,3.060
2012-11-05,2.840
2012-11-06,2.990
2012-11-07,3.110
2012-11-08,2.970
2012-11-09,3.120
2012-11-10,3.520
2012-11-11,3.090
2012-11-12,3.530
2012-11-13,3.490
2012-11-14,3.160
2012-11-15,3.000
2012-11-16,3.450
2012-11-17,6.170
2012-11-18,4.060
2012-11-19,3.520
2012-11-20,3.400
2012-11-21,12.100
2012-11-22,9.920
2012-11-23,8.430
2012-11-24,7.590
2012-11-25,22.500
2012-11-26,17.900
2012-11-27,14.600
2012-11-28,8.990
2012-11-29,6.750
2012-11-30,5.630
2012-12-01,5.360
2012-12-02,5.070
2012-12-03,8.860
2012-12-04,14.700
2012-12-05,9.720
2012-12-06,11.900
2012-12-07,14.000
2012-12-08,8.260
2012-12-09,8.010
2012-12-10,6.420
2012-12-11,5.470
2012-12-12,4.940
2012-12-13,4.460
2012-12-14,13.400
2012-12-15,11.700
2012-12-16,7.840
2012-12-17,11.800
2012-12-18,9.380
2012-12-19,8.220
2012-12-20,20.800
2012-12-21,16.600
2012-12-22,31.500
2012-12-23,21.600
2012-12-24,14.200
2012-12-25,11.600
2012-12-26,10.800
2012-12-27,9.080
2012-12-28,9.950
2012-12-29,14.000
2012-12-30,10.800
2012-12-31,14.000
2013-01-01,10.900
2013-01-02,8.630
2013-01-03,7.790
2013-01-04,6.610
2013-01-05,5.800
2013-01-06,5.270
2013-01-07,4.930
2013-01-08,5.830
2013-01-09,5.460
2013-01-10,4.800
2013-01-11,4.460
2013-01-12,4.190
2013-01-13,3.890
2013-01-14,6.600
2013-01-15,5.150
2013-01-16,4.190
2013-01-17,3.730
2013-01-18,3.660
2013-01-19,3.540
2013-01-20,3.430
2013-01-21,3.660
2013-01-22,3.370
2013-01-23,3.300
2013-01-24,3.180
2013-01-25,4.490
2013-01-26,15.200
2013-01-27,19.800
2013-01-28,8.780
2013-01-29,6.860
2013-01-30,5.980
2013-01-31,7.430
2013-02-01,5.830
2013-02-02,4.930
2013-02-03,4.900
2013-02-04,5.040
2013-02-05,9.770
2013-02-06,8.960
2013-02-07,6.060
2013-02-08,5.320
2013-02-09,5.750
2013-02-10,8.360
2013-02-11,6.240
2013-02-12,4.850
2013-02-13,7.130
2013-02-14,14.800
2013-02-15,7.560
2013-02-16,5.780
2013-02-17,5.200
2013-02-18,4.650
2013-02-19,4.210
2013-02-20,3.970
2013-02-21,3.720
2013-02-22,3.490
2013-02-23,3.300
2013-02-24,3.170
2013-02-25,3.060
2013-02-26,2.870
2013-02-27,2.790
2013-02-28,2.730
2013-03-01,2.670
2013-03-02,2.630
2013-03-03,2.580
2013-03-04,2.560
2013-03-05,2.520
2013-03-06,2.490
2013-03-07,2.810
2013-03-08,2.640
2013-03-09,2.760
2013-03-10,2.830
2013-03-11,2.530
2013-03-12,2.440
2013-03-13,2.430
2013-03-14,2.370
2013-03-15,3.050
2013-03-16,5.590
2013-03-17,5.380
2013-03-18,3.610
2013-03-19,3.130
2013-03-20,2.830
2013-03-21,2.700
2013-03-22,2.860
2013-03-23,2.880
2013-03-24,2.640
2013-03-25,2.540
2013-03-26,2.460
2013-03-27,2.430
2013-03-28,2.370
2013-03-29,2.350
2013-03-30,2.310
2013-03-31,2.270
2013-04-01,2.290
2013-04-02,2.250
2013-04-03,2.260
2013-04-04,2.250
2013-04-05,2.190
2013-04-06,2.130
2013-04-07,2.140
2013-04-08,2.130
2013-04-09,2.120
2013-04-10,2.130
2013-04-11,2.360
2013-04-12,2.550
2013-04-13,2.310
2013-04-14,2.220
2013-04-15,2.080
2013-04-16,2.020
2013-04-17,1.990
2013-04-18,1.980
2013-04-19,1.960
2013-04-20,1.900
2013-04-21,1.990
2013-04-22,1.980
2013-04-23,1.900
2013-04-24,1.910
2013-04-25,1.940
2013-04-26,1.940
2013-04-27,1.970
2013-04-28,2.120
2013-04-29,2.060
2013-04-30,1.870
2013-05-01,1.870
2013-05-02,1.870
2013-05-03,1.820
2013-05-04,1.870
2013-05-05,1.840
2013-05-06,1.810
2013-05-07,1.810
2013-05-08,1.750
2013-05-09,2.140
2013-05-10,2.890
2013-05-11,2.280
2013-05-12,2.720
2013-05-13,2.620
2013-05-14,3.910
2013-05-15,11.400
2013-05-16,4.440
2013-05-17,3.350
2013-05-18,3.180
2013-05-19,2.700
2013-05-20,2.530
2013-05-21,2.430
2013-05-22,2.210
2013-05-23,2.200
2013-05-24,2.220
2013-05-25,2.020
2013-05-26,1.910
2013-05-27,1.960
2013-05-28,2.730
2013-05-29,3.390
2013-05-30,3.240
2013-05-31,2.520
2013-06-01,2.240
2013-06-02,2.070
2013-06-03,1.980
2013-06-04,1.880
2013-06-05,1.840
2013-06-06,1.790
2013-06-07,1.720
2013-06-08,1.670
2013-06-09,1.670
2013-06-10,1.670
2013-06-11,1.650
2013-06-12,1.650
2013-06-13,2.150
2013-06-14,2.840
2013-06-15,2.250
2013-06-16,1.970
2013-06-17,1.730
2013-06-18,1.660
2013-06-19,1.560
2013-06-20,1.550
2013-06-21,1.730
2013-06-22,2.770
2013-06-23,3.700
2013-06-24,2.020
2013-06-25,1.780
2013-06-26,1.610
2013-06-27,2.400
2013-06-28,4.820
2013-06-29,2.960
2013-06-30,2.130
2013-07-01,1.910
2013-07-02,2.400
2013-07-03,2.620
2013-07-04,1.910
2013-07-05,1.710
2013-07-06,1.640
2013-07-07,1.550
2013-07-08,1.500
2013-07-09,1.460
2013-07-10,1.440
2013-07-11,1.410
2013-07-12,1.380
2013-07-13,1.370
2013-07-14,1.350
2013-07-15,1.350
2013-07-16,1.320
2013-07-17,1.300
2013-07-18,1.300
2013-07-19,1.260
2013-07-20,1.230
2013-07-21,1.240
2013-07-22,1.260
2013-07-23,4.410
2013-07-24,1.810
2013-07-25,1.600
2013-07-26,1.460
2013-07-27,4.590
2013-07-28,13.800
2013-07-29,5.930
2013-07-30,3.130
2013-07-31,3.660
2013-08-01,2.850
2013-08-02,2.230
2013-08-03,2.310
2013-08-04,2.200
2013-08-05,4.530
2013-08-06,2.600
2013-08-07,2.130
2013-08-08,1.960
2013-08-09,1.850
2013-08-10,1.650
2013-08-11,1.660
2013-08-12,1.720
2013-08-13,1.860
2013-08-14,1.580
2013-08-15,1.910
2013-08-16,2.880
2013-08-17,2.130
2013-08-18,2.120
2013-08-19,1.680
2013-08-20,1.550
2013-08-21,1.490
2013-08-22,1.470
2013-08-23,2.060
2013-08-24,3.000
2013-08-25,1.770
2013-08-26,1.600
2013-08-27,1.530
2013-08-28,1.520
2013-08-29,1.470
2013-08-30,1.430
2013-08-31,1.360
2013-09-01,1.360
2013-09-02,1.370
2013-09-03,1.370
2013-09-04,1.360
2013-09-05,1.400
2013-09-06,3.300
2013-09-07,1.740
2013-09-08,1.500
2013-09-09,2.010
2013-09-10,1.680
2013-09-11,1.820
2013-09-12,1.940
2013-09-13,2.250
2013-09-14,1.930
2013-09-15,2.690
2013-09-16,4.880
2013-09-17,4.470
2013-09-18,2.970
2013-09-19,2.900
2013-09-20,2.340
2013-09-21,2.050
2013-09-22,1.880
2013-09-23,1.820
2013-09-24,1.770
2013-09-25,1.750
2013-09-26,1.630
2013-09-27,1.320
2013-09-28,1.280
2013-09-29,1.230
2013-09-30,1.210
2013-10-01,1.410
2013-10-02,2.530
2013-10-03,2.580
2013-10-04,2.260
2013-10-05,1.910
2013-10-06,1.600
2013-10-07,1.460
2013-10-08,1.420
2013-10-09,1.440
2013-10-10,1.300
2013-10-11,1.210
2013-10-12,1.230
2013-10-13,1.510
2013-10-14,2.260
2013-10-15,1.850
2013-10-16,2.440
2013-10-17,2.330
2013-10-18,1.920
2013-10-19,2.890
2013-10-20,4.690
2013-10-21,9.210
2013-10-22,6.800
2013-10-23,8.740
2013-10-24,4.550
2013-10-25,4.490
2013-10-26,4.490
2013-10-27,4.220
2013-10-28,11.000
2013-10-29,16.800
2013-10-30,10.300
2013-10-31,6.240
2013-11-01,9.100
2013-11-02,7.460
2013-11-03,10.400
2013-11-04,6.560
2013-11-05,6.810
2013-11-06,7.050
2013-11-07,6.710
2013-11-08,4.940
2013-11-09,4.620
2013-11-10,4.100
2013-11-11,4.780
2013-11-12,4.210
2013-11-13,3.610
2013-11-14,3.700
2013-11-15,3.150
2013-11-16,2.990
2013-11-17,2.850
2013-11-18,2.900
2013-11-19,2.810
2013-11-20,4.600
2013-11-21,5.220
2013-11-22,3.670
2013-11-23,3.130
2013-11-24,2.840
2013-11-25,2.620
2013-11-26,2.480
2013-11-27,2.500
2013-11-28,2.380
2013-11-29,2.670
2013-11-30,2.510
2013-12-01,2.270
2013-12-02,2.160
2013-12-03,2.120
2013-12-04,2.100
2013-12-05,2.360
2013-12-06,2.790
2013-12-07,3.530
2013-12-08,2.810
2013-12-09,2.480
2013-12-10,2.310
2013-12-11,2.190
2013-12-12,2.850
2013-12-13,5.030
2013-12-14,3.550
2013-12-15,3.270
2013-12-16,10.200
2013-12-17,5.560
2013-12-18,6.020
2013-12-19,7.030
2013-12-20,5.060
2013-12-21,5.820
2013-12-22,5.720
2013-12-23,10.500
2013-12-24,9.570
2013-12-25,5.680
2013-12-26,4.700
2013-12-27,5.660
2013-12-28,4.140
2013-12-29,3.730
2013-12-30,3.910
2013-12-31,3.970
2014-01-01,6.010
2014-01-02,6.980
2014-01-03,6.190
2014-01-04,5.410
2014-01-05,5.600
2014-01-06,9.880
2014-01-07,8.330
2014-01-08,8.440
2014-01-09,8.670
2014-01-10,6.110
2014-01-11,6.650
2014-01-12,5.720
2014-01-13,6.120
2014-01-14,9.090
2014-01-15,11.400
2014-01-16,9.700
2014-01-17,6.800
2014-01-18,6.240
2014-01-19,6.650
2014-01-20,4.930
2014-01-21,4.800
2014-01-22,5.610
2014-01-23,6.030
2014-01-24,8.650
2014-01-25,9.920
2014-01-26,10.500
2014-01-27,8.240
2014-01-28,10.200
2014-01-29,7.120
2014-01-30,5.740
2014-01-31,9.450
2014-02-01,7.870
2014-02-02,6.010
2014-02-03,5.060
2014-02-04,4.570
2014-02-05,8.000
2014-02-06,10.000
2014-02-07,10.800
2014-02-08,11.300
2014-02-09,12.900
2014-02-10,7.700
2014-02-11,10.700
2014-02-12,9.450
2014-02-13,7.270
2014-02-14,6.710
2014-02-15,13.900
2014-02-16,9.840
2014-02-17,7.360
2014-02-18,6.630
2014-02-19,5.810
2014-02-20,5.300
2014-02-21,4.830
2014-02-22,4.510
2014-02-23,4.060
2014-02-24,3.830
2014-02-25,3.490
2014-02-26,3.200
2014-02-27,3.700
2014-02-28,3.180
2014-03-01,2.960
2014-03-02,4.910
2014-03-03,5.450
2014-03-04,3.870
2014-03-05,3.320
2014-03-06,3.320
2014-03-07,3.980
2014-03-08,3.320
2014-03-09,2.960
2014-03-10,2.760
2014-03-11,2.690
2014-03-12,2.740
2014-03-13,2.640
2014-03-14,2.490
2014-03-15,2.370
2014-03-16,2.310
2014-03-17,2.290
2014-03-18,2.440
2014-03-19,2.260
2014-03-20,2.410
2014-03-21,2.410
2014-03-22,2.700
2014-03-23,2.910
2014-03-24,2.370
2014-03-25,3.600
2014-03-26,3.130
2014-03-27,2.970
2014-03-28,3.500
2014-03-29,3.330
2014-03-30,2.710
2014-03-31,3.110
2014-04-01,5.080
2014-04-02,3.300
2014-04-03,3.010
2014-04-04,3.500
2014-04-05,3.200
2014-04-06,3.730
2014-04-07,7.420
2014-04-08,6.240
2014-04-09,4.070
2014-04-10,3.330
2014-04-11,2.990
2014-04-12,2.810
2014-04-13,2.570
2014-04-14,2.400
2014-04-15,2.270
2014-04-16,2.150
2014-04-17,2.090
2014-04-18,2.010
2014-04-19,1.950
2014-04-20,1.940
2014-04-21,1.920
2014-04-22,2.160
2014-04-23,2.150
2014-04-24,2.070
2014-04-25,2.570
2014-04-26,2.360
2014-04-27,1.930
2014-04-28,1.860
2014-04-29,1.870
2014-04-30,2.020
2014-05-01,2.010
2014-05-02,1.750
2014-05-03,1.670
2014-05-04,1.630
2014-05-05,1.760
2014-05-06,2.090
2014-05-07,1.770
2014-05-08,2.360
2014-05-09,3.060
2014-05-10,6.070
2014-05-11,14.100
2014-05-12,13.700
2014-05-13,9.630
2014-05-14,5.570
2014-05-15,3.920
2014-05-16,3.210
2014-05-17,2.750
2014-05-18,2.460
2014-05-19,2.270
2014-05-20,2.280
2014-05-21,2.120
2014-05-22,2.580
2014-05-23,2.600
2014-05-24,4.820
2014-05-25,4.040
2014-05-26,2.790
2014-05-27,2.280
2014-05-28,3.400
2014-05-29,2.880
2014-05-30,2.340
2014-05-31,2.050
2014-06-01,1.960
2014-06-02,3.190
2014-06-03,3.230
2014-06-04,2.970
2014-06-05,3.630
2014-06-06,2.460
2014-06-07,2.900
2014-06-08,2.810
2014-06-09,4.270
2014-06-10,3.320
2014-06-11,2.430
2014-06-12,2.060
2014-06-13,1.870
2014-06-14,1.800
2014-06-15,1.850
2014-06-16,1.690
2014-06-17,1.610
2014-06-18,1.580
2014-06-19,1.560
2014-06-20,1.530
2014-06-21,1.550
2014-06-22,1.530
2014-06-23,1.470
2014-06-24,1.540
2014-06-25,1.450
2014-06-26,1.390
2014-06-27,2.110
2014-06-28,2.090
2014-06-29,1.550
2014-06-30,1.460
2014-07-01,1.390
2014-07-02,1.360
2014-07-03,1.390
2014-07-04,2.460
2014-07-05,3.280
2014-07-06,1.720
2014-07-07,1.540
2014-07-08,2.070
2014-07-09,1.570
2014-07-10,1.350
2014-07-11,1.350
2014-07-12,1.700
2014-07-13,2.460
2014-07-14,1.620
2014-07-15,1.410
2014-07-16,1.370
2014-07-17,1.260
2014-07-18,1.270
2014-07-19,5.090
2014-07-20,2.140
2014-07-21,1.610
2014-07-22,1.460
2014-07-23,1.340
2014-07-24,1.280
2014-07-25,1.260
2014-07-26,1.190
2014-07-27,1.260
2014-07-28,1.170
2014-07-29,1.160
2014-07-30,1.180
2014-07-31,1.270
2014-08-01,2.280
2014-08-02,2.430
2014-08-03,1.450
2014-08-04,1.270
2014-08-05,1.270
2014-08-06,1.470
2014-08-07,1.290
2014-08-08,2.060
2014-08-09,1.400
2014-08-10,5.210
2014-08-11,3.510
2014-08-12,1.860
2014-08-13,1.990
2014-08-14,2.410
2014-08-15,2.100
2014-08-16,1.600
2014-08-17,1.890
2014-08-18,2.800
2014-08-19,2.120
2014-08-20,1.600
2014-08-21,1.470
2014-08-22,1.530
2014-08-23,1.700
2014-08-24,1.350
2014-08-25,1.500
2014-08-26,1.680
2014-08-27,1.430
2014-08-28,1.450
2014-08-29,1.940
2014-08-30,2.130
2014-08-31,1.830
2014-09-01,1.680
2014-09-02,1.470
2014-09-03,1.330
2014-09-04,1.290
2014-09-05,1.250
2014-09-06,1.220
2014-09-07,1.200
2014-09-08,1.230
2014-09-09,1.220
2014-09-10,1.190
2014-09-11,1.130
2014-09-12,1.110
2014-09-13,1.080
2014-09-14,1.060
2014-09-15,1.070
2014-09-16,1.070
2014-09-17,1.080
2014-09-18,1.150
2014-09-19,1.110
2014-09-20,1.230
2014-09-21,1.100
2014-09-22,1.090
2014-09-23,1.330
2014-09-24,1.480
2014-09-25,1.180
2014-09-26,1.160
2014-09-27,1.120
2014-09-28,1.100
2014-09-29,1.130
2014-09-30,1.220
2014-10-01,1.140
2014-10-02,1.110
2014-10-03,1.120
2014-10-04,2.210
2014-10-05,1.410
2014-10-06,3.140
2014-10-07,2.980
2014-10-08,2.300
2014-10-09,2.270
2014-10-10,1.800
2014-10-11,1.590
2014-10-12,1.390
2014-10-13,2.450
2014-10-14,2.890
2014-10-15,2.380
2014-10-16,2.480
2014-10-17,2.210
2014-10-18,2.140
2014-10-19,1.740
2014-10-20,1.840
2014-10-21,3.560
2014-10-22,2.790
2014-10-23,2.150
2014-10-24,2.920
2014-10-25,2.300
2014-10-26,1.940
2014-10-27,1.750
2014-10-28,2.020
2014-10-29,1.920
2014-10-30,1.890
2014-10-31,1.740
2014-11-01,1.590
2014-11-02,2.390
2014-11-03,2.060
2014-11-04,1.860
2014-11-05,1.620
2014-11-06,1.530
2014-11-07,10.800
2014-11-08,6.850
2014-11-09,4.000
2014-11-10,3.020
2014-11-11,2.740
2014-11-12,3.130
2014-11-13,2.590
2014-11-14,5.840
2014-11-15,3.990
2014-11-16,3.170
2014-11-17,4.260
2014-11-18,3.180
2014-11-19,2.710
2014-11-20,2.470
2014-11-21,4.550
2014-11-22,7.350
2014-11-23,5.320
2014-11-24,3.790
2014-11-25,3.200
2014-11-26,3.770
2014-11-27,3.490
2014-11-28,2.960
2014-11-29,2.800
2014-11-30,2.550
2014-12-01,2.420
2014-12-02,2.300
2014-12-03,2.150
2014-12-04,2.120
2014-12-05,2.100
2014-12-06,2.010
2014-12-07,4.000
2014-12-08,5.230
2014-12-09,4.460
2014-12-10,6.010
2014-12-11,8.930
2014-12-12,17.200
2014-12-13,8.610
2014-12-14,7.550
2014-12-15,8.850
2014-12-16,9.300
2014-12-17,16.600
2014-12-18,13.200
2014-12-19,18.000
2014-12-20,11.000
2014-12-21,7.380
2014-12-22,6.770
2014-12-23,6.940
2014-12-24,8.160
2014-12-25,6.430
2014-12-26,10.700
2014-12-27,10.700
2014-12-28,6.250
2014-12-29,4.930
2014-12-30,4.440
2014-12-31,4.380
2015-01-01,4.520
2015-01-02,4.440
2015-01-03,4.340
2015-01-04,3.860
2015-01-05,3.640
2015-01-06,4.250
2015-01-07,4.640
2015-01-08,6.190
2015-01-09,6.280
2015-01-10,6.510
2015-01-11,4.980
2015-01-12,5.380
2015-01-13,4.640
2015-01-14,4.170
2015-01-15,4.870
2015-01-16,4.440
2015-01-17,4.120
2015-01-18,5.180
2015-01-19,4.280
2015-01-20,3.740
2015-01-21,4.260
2015-01-22,3.920
2015-01-23,4.280
2015-01-24,5.600
2015-01-25,4.290
2015-01-26,4.390
2015-01-27,3.960
2015-01-28,4.400
2015-01-29,7.010
2015-01-30,11.000
2015-01-31,11.400
2015-02-01,7.330
2015-02-02,5.250
2015-02-03,4.290
2015-02-04,3.800
2015-02-05,3.590
2015-02-06,3.390
2015-02-07,3.230
2015-02-08,3.230
2015-02-09,4.120
2015-02-10,4.070
2015-02-11,3.750
2015-02-12,3.430
2015-02-13,3.390
2015-02-14,3.140
2015-02-15,2.900
2015-02-16,3.700
2015-02-17,3.080
2015-02-18,2.850
2015-02-19,4.890
2015-02-20,4.850
2015-02-21,5.510
2015-02-22,9.540
2015-02-23,8.220
2015-02-24,7.860
2015-02-25,5.820
2015-02-26,9.270
2015-02-27,6.110
2015-02-28,5.090
2015-03-01,4.770
2015-03-02,4.180
2015-03-03,3.590
2015-03-04,3.300
2015-03-05,3.120
2015-03-06,3.010
2015-03-07,2.870
2015-03-08,3.660
2015-03-09,3.380
2015-03-10,2.860
2015-03-11,2.810
2015-03-12,2.690
2015-03-13,8.180
2015-03-14,4.600
2015-03-15,3.610
2015-03-16,3.270
2015-03-17,2.960
2015-03-18,2.750
2015-03-19,2.670
2015-03-20,2.580
2015-03-21,2.380
2015-03-22,2.290
2015-03-23,2.300
2015-03-24,2.410
2015-03-25,2.410
2015-03-26,3.800
2015-03-27,2.720
2015-03-28,4.250
2015-03-29,11.600
2015-03-30,13.100
2015-03-31,16.500
2015-04-01,9.560
2015-04-02,9.380
2015-04-03,8.490
2015-04-04,6.830
2015-04-05,5.290
2015-04-06,4.470
2015-04-07,3.960
2015-04-08,3.640
2015-04-09,3.330
2015-04-10,3.160
2015-04-11,3.060
2015-04-12,2.950
2015-04-13,2.870
2015-04-14,2.740
2015-04-15,2.550
2015-04-16,2.390
2015-04-17,2.230
2015-04-18,2.090
2015-04-19,2.060
2015-04-20,2.010
2015-04-21,1.970
2015-04-22,1.940
2015-04-23,1.930
2015-04-24,1.940
2015-04-25,1.970
2015-04-26,1.870
2015-04-27,1.840
2015-04-28,1.890
2015-04-29,2.290
2015-04-30,2.500
2015-05-01,1.980
2015-05-02,2.010
2015-05-03,4.070
2015-05-04,2.640
2015-05-05,3.400
2015-05-06,3.860
2015-05-07,3.040
2015-05-08,6.180
2015-05-09,4.780
2015-05-10,3.080
2015-05-11,2.580
2015-05-12,2.310
2015-05-13,2.170
2015-05-14,2.060
2015-05-15,1.970
2015-05-16,1.860
2015-05-17,1.910
2015-05-18,4.360
2015-05-19,13.200
2015-05-20,6.810
2015-05-21,4.280
2015-05-22,3.320
2015-05-23,2.880
2015-05-24,2.780
2015-05-25,2.400
2015-05-26,2.230
2015-05-27,2.320
2015-05-28,2.430
2015-05-29,4.670
2015-05-30,3.020
2015-05-31,4.300
2015-06-01,6.180
2015-06-02,11.100
2015-06-03,4.740
2015-06-04,3.500
2015-06-05,2.990
2015-06-06,2.530
2015-06-07,2.290
2015-06-08,2.170
2015-06-09,2.070
2015-06-10,1.970
2015-06-11,1.880
2015-06-12,1.840
2015-06-13,2.830
2015-06-14,2.110
2015-06-15,1.920
2015-06-16,1.770
2015-06-17,2.030
2015-06-18,1.830
2015-06-19,1.720
2015-06-20,1.790
2015-06-21,1.950
2015-06-22,2.830
2015-06-23,1.910
2015-06-24,1.710
2015-06-25,1.630
2015-06-26,1.860
2015-06-27,1.660
2015-06-28,1.660
2015-06-29,1.480
2015-06-30,1.410
2015-07-01,1.590
2015-07-02,2.090
2015-07-03,1.770
2015-07-04,1.890
2015-07-05,1.930
2015-07-06,1.900
2015-07-07,2.200
2015-07-08,1.690
2015-07-09,1.470
2015-07-10,1.370
2015-07-11,1.350
2015-07-12,1.410
2015-07-13,1.580
2015-07-14,1.470
2015-07-15,1.330
2015-07-16,1.300
2015-07-17,1.260
2015-07-18,1.250
2015-07-19,1.870
2015-07-20,1.380
2015-07-21,1.290
2015-07-22,1.310
2015-07-23,1.270
2015-07-24,1.360
2015-07-25,1.300
2015-07-26,1.770
2015-07-27,2.680
2015-07-28,2.730
2015-07-29,3.300
2015-07-30,1.940
2015-07-31,1.490
2015-08-01,2.100
2015-08-02,1.660
2015-08-03,1.370
2015-08-04,1.330
2015-08-05,1.320
2015-08-06,1.350
2015-08-07,1.270
2015-08-08,1.250
2015-08-09,1.230
2015-08-10,1.970
2015-08-11,1.460
2015-08-12,1.280
2015-08-13,1.360
2015-08-14,11.000
2015-08-15,3.000
2015-08-16,1.970
2015-08-17,1.720
2015-08-18,1.520
2015-08-19,1.540
2015-08-20,1.520
2015-08-21,1.410
2015-08-22,2.380
2015-08-23,2.340
2015-08-24,1.640
2015-08-25,1.510
2015-08-26,1.870
2015-08-27,1.490
2015-08-28,1.400
2015-08-29,1.310
2015-08-30,1.340
2015-08-31,2.810
2015-09-01,2.260
2015-09-02,2.580
2015-09-03,2.000
2015-09-04,1.610
2015-09-05,1.650
2015-09-06,1.440
2015-09-07,1.400
2015-09-08,1.380
2015-09-09,1.410
2015-09-10,1.360
2015-09-11,1.510
2015-09-12,3.250
2015-09-13,1.900
2015-09-14,1.730
2015-09-15,1.620
2015-09-16,1.430
2015-09-17,1.370
2015-09-18,1.330
2015-09-19,1.300
2015-09-20,1.300
2015-09-21,2.320
2015-09-22,2.440
2015-09-23,1.620
2015-09-24,1.410
2015-09-25,1.330
2015-09-26,1.260
2015-09-27,1.240
2015-09-28,1.240
2015-09-29,1.190
2015-09-30,1.180
2015-10-01,1.197
2015-10-02,1.225
2015-10-03,1.215
2015-10-04,1.220
2015-10-05,1.227
2015-10-06,1.988
2015-10-07,4.401
2015-10-08,2.063
2015-10-09,1.609
2015-10-10,1.463
2015-10-11,1.405
2015-10-12,1.372
2015-10-13,1.361
2015-10-14,1.332
2015-10-15,1.322
2015-10-16,1.304
2015-10-17,1.302
2015-10-18,1.284
2015-10-19,1.269
2015-10-20,1.405
2015-10-21,2.635
2015-10-22,1.795
2015-10-23,1.522
2015-10-24,1.845
2015-10-25,1.673
2015-10-26,1.512
2015-10-27,1.492
2015-10-28,2.036
2015-10-29,1.890
2015-10-30,2.830
2015-10-31,2.036
2015-11-01,1.754
2015-11-02,1.690
2015-11-03,1.678
2015-11-04,1.769
2015-11-05,2.281
2015-11-06,2.540
2015-11-07,7.599
2015-11-08,5.857
2015-11-09,11.910
2015-11-10,6.588
2015-11-11,4.191
2015-11-12,3.757
2015-11-13,4.011
2015-11-14,7.499
2015-11-15,12.470
2015-11-16,6.243
2015-11-17,5.604
2015-11-18,5.639
2015-11-19,4.766
2015-11-20,5.311
2015-11-21,4.782
2015-11-22,3.798
2015-11-23,3.612
2015-11-24,10.180
2015-11-25,9.908
2015-11-26,7.580
2015-11-27,8.875
2015-11-28,10.530
2015-11-29,9.514
2015-11-30,19.370
2015-12-01,12.950
2015-12-02,8.255
2015-12-03,11.250
2015-12-04,11.120
2015-12-05,6.577
2015-12-06,5.683
2015-12-07,5.005
2015-12-08,4.650
2015-12-09,4.161
2015-12-10,10.320
2015-12-11,7.109
2015-12-12,16.250
2015-12-13,11.900
2015-12-14,7.682
2015-12-15,6.530
2015-12-16,5.757
2015-12-17,4.967
2015-12-18,4.397
2015-12-19,4.284
2015-12-20,3.944
2015-12-21,3.873
2015-12-22,4.499
2015-12-23,4.603
2015-12-24,4.420
2015-12-25,5.730
2015-12-26,12.120
2015-12-27,9.821
2015-12-28,6.352
2015-12-29,5.058
2015-12-30,6.670
2015-12-31,10.050
2016-01-01,7.705
2016-01-02,8.195
2016-01-03,16.160
2016-01-04,11.930
2016-01-05,9.028
2016-01-06,7.359
2016-01-07,12.610
2016-01-08,8.697
2016-01-09,14.050
2016-01-10,12.160
2016-01-11,7.970
2016-01-12,14.910
2016-01-13,14.010
2016-01-14,12.310
2016-01-15,8.122
2016-01-16,6.779
2016-01-17,6.850
2016-01-18,6.043
2016-01-19,5.182
2016-01-20,4.651
2016-01-21,4.352
2016-01-22,5.044
2016-01-23,4.850
2016-01-24,4.843
2016-01-25,4.558
2016-01-26,4.259
2016-01-27,4.208
2016-01-28,3.923
2016-01-29,3.916
2016-01-30,4.126
2016-01-31,5.760
2016-02-01,6.009
2016-02-02,4.656
2016-02-03,7.496
2016-02-04,11.520
2016-02-05,8.623
2016-02-06,16.540
2016-02-07,13.280
2016-02-08,17.720
2016-02-09,11.500
2016-02-10,7.986
2016-02-11,6.560
2016-02-12,5.589
2016-02-13,4.928
2016-02-14,4.317
2016-02-15,3.820
2016-02-16,3.850
2016-02-17,7.216
2016-02-18,5.763
2016-02-19,4.516
2016-02-20,8.706
2016-02-21,8.298
2016-02-22,6.809
2016-02-23,5.296
2016-02-24,4.561
2016-02-25,4.143
2016-02-26,3.842
2016-02-27,3.523
2016-02-28,3.254
2016-02-29,3.185
2016-03-01,6.329
2016-03-02,7.371
2016-03-03,7.411
2016-03-04,17.490
2016-03-05,12.610
2016-03-06,8.184
2016-03-07,6.287
2016-03-08,5.767
2016-03-09,14.680
2016-03-10,9.663
2016-03-11,6.793
2016-03-12,5.505
2016-03-13,4.783
2016-03-14,4.337
2016-03-15,3.922
2016-03-16,3.661
2016-03-17,3.425
2016-03-18,3.275
2016-03-19,3.100
2016-03-20,2.941
2016-03-21,2.840
2016-03-22,2.765
2016-03-23,2.685
2016-03-24,2.731
2016-03-25,2.718
2016-03-26,3.055
2016-03-27,4.331
2016-03-28,15.130
2016-03-29,7.599
2016-03-30,5.926
2016-03-31,4.659
2016-04-01,4.033
2016-04-02,6.437
2016-04-03,5.048
2016-04-04,4.534
2016-04-05,3.953
2016-04-06,4.800
2016-04-07,10.020
2016-04-08,6.007
2016-04-09,6.453
2016-04-10,5.374
2016-04-11,4.580
2016-04-12,4.126
2016-04-13,3.717
2016-04-14,3.611
2016-04-15,3.816
2016-04-16,4.117
2016-04-17,3.348
2016-04-18,3.098
2016-04-19,2.913
2016-04-20,2.765
2016-04-21,2.727
2016-04-22,2.688
2016-04-23,2.532
2016-04-24,3.090
2016-04-25,3.082
2016-04-26,2.856
2016-04-27,2.702
2016-04-28,5.470
2016-04-29,7.784
2016-04-30,5.533
2016-05-01,4.270
2016-05-02,4.399
2016-05-03,3.876
2016-05-04,3.314
2016-05-05,3.089
2016-05-06,2.853
2016-05-07,2.852
2016-05-08,2.706
2016-05-09,2.455
2016-05-10,2.833
2016-05-11,2.878
2016-05-12,2.391
2016-05-13,2.106
2016-05-14,1.944
2016-05-15,1.890
2016-05-16,1.897
2016-05-17,1.978
2016-05-18,2.250
2016-05-19,2.578
2016-05-20,2.493
2016-05-21,4.574
2016-05-22,3.773
2016-05-23,2.396
2016-05-24,2.114
2016-05-25,2.272
2016-05-26,2.565
2016-05-27,2.066
2016-05-28,1.923
2016-05-29,1.840
2016-05-30,1.774
2016-05-31,1.743
2016-06-01,1.725
2016-06-02,1.717
2016-06-03,1.694
2016-06-04,1.661
2016-06-05,1.665
2016-06-06,1.594
2016-06-07,1.887
2016-06-08,3.472
2016-06-09,2.531
2016-06-10,3.901
2016-06-11,6.745
2016-06-12,4.542
2016-06-13,6.900
2016-06-14,8.362
2016-06-15,5.667
2016-06-16,13.800
2016-06-17,11.320
2016-06-18,5.744
2016-06-19,5.246
2016-06-20,7.353
2016-06-21,4.849
2016-06-22,3.783
2016-06-23,3.271
2016-06-24,3.103
2016-06-25,2.962
2016-06-26,3.058
2016-06-27,3.068
2016-06-28,3.100
2016-06-29,6.397
2016-06-30,5.293
2016-07-01,4.679
2016-07-02,3.978
2016-07-03,3.569
2016-07-04,3.301
2016-07-05,3.050
2016-07-06,2.665
2016-07-07,3.061
2016-07-08,6.325
2016-07-09,7.100
2016-07-10,5.562
2016-07-11,10.230
2016-07-12,8.016
2016-07-13,5.639
2016-07-14,4.353
2016-07-15,4.372
2016-07-16,4.322
2016-07-17,3.801
2016-07-18,3.279
2016-07-19,3.036
2016-07-20,2.795
2016-07-21,2.507
2016-07-22,2.234
2016-07-23,2.142
2016-07-24,2.125
2016-07-25,2.134
2016-07-26,2.088
2016-07-27,2.398
2016-07-28,2.873
2016-07-29,2.603
2016-07-30,2.080
2016-07-31,1.906
2016-08-01,1.919
2016-08-02,1.951
2016-08-03,1.797
2016-08-04,1.908
2016-08-05,1.751
2016-08-06,1.655
2016-08-07,1.751
2016-08-08,2.002
2016-08-09,1.767
2016-08-10,1.956
2016-08-11,2.198
2016-08-12,1.719
2016-08-13,1.570
2016-08-14,1.546
2016-08-15,1.489
2016-08-16,1.450
2016-08-17,1.355
2016-08-18,1.341
2016-08-19,2.331
2016-08-20,2.225
2016-08-21,3.450
2016-08-22,5.041
2016-08-23,2.782
2016-08-24,2.075
2016-08-25,3.014
2016-08-26,3.617
2016-08-27,2.241
2016-08-28,2.127
2016-08-29,1.923
2016-08-30,1.764
2016-08-31,1.808
2016-09-01,1.696
2016-09-02,1.631
2016-09-03,2.642
2016-09-04,2.212
2016-09-05,1.905
2016-09-06,1.746
2016-09-07,1.688
2016-09-08,1.656
2016-09-09,1.834
2016-09-10,2.254
2016-09-11,1.615
2016-09-12,1.573
2016-09-13,8.116
2016-09-14,5.995
2016-09-15,2.924
2016-09-16,2.267
2016-09-17,1.954
2016-09-18,1.894
2016-09-19,2.024
2016-09-20,1.855
2016-09-21,1.767
2016-09-22,1.898
2016-09-23,1.761
2016-09-24,1.902
2016-09-25,5.007
2016-09-26,3.944
2016-09-27,4.149
2016-09-28,2.846
2016-09-29,2.569
2016-09-30,2.451
2016-10-01,2.095
2016-10-02,1.883
2016-10-03,1.848
2016-10-04,1.787
2016-10-05,1.705
2016-10-06,1.706
2016-10-07,1.747
2016-10-08,1.674
2016-10-09,1.628
2016-10-10,1.677
2016-10-11,1.643
2016-10-12,1.658
2016-10-13,1.666
2016-10-14,1.677
2016-10-15,1.572
2016-10-16,1.980
2016-10-17,1.894
2016-10-18,5.323
2016-10-19,3.950
2016-10-20,2.479
2016-10-21,2.123
2016-10-22,1.943
2016-10-23,1.806
2016-10-24,1.748
2016-10-25,1.708
2016-10-26,1.666
2016-10-27,1.644
2016-10-28,1.973
2016-10-29,1.720
2016-10-30,1.672
2016-10-31,1.699
2016-11-01,1.616
2016-11-02,1.605
2016-11-03,1.733
2016-11-04,2.644
2016-11-05,2.999
2016-11-06,2.216
2016-11-07,2.111
2016-11-08,2.577
2016-11-09,5.637
2016-11-10,5.248
2016-11-11,4.206
2016-11-12,11.450
2016-11-13,5.747
2016-11-14,5.187
2016-11-15,4.923
2016-11-16,4.351
2016-11-17,7.643
2016-11-18,7.773
2016-11-19,7.893
2016-11-20,5.258
2016-11-21,11.940
2016-11-22,14.040
2016-11-23,7.197
2016-11-24,5.223
2016-11-25,4.271
2016-11-26,3.765
2016-11-27,3.444
2016-11-28,3.183
2016-11-29,2.908
2016-11-30,2.760
2016-12-01,2.701
2016-12-02,2.626
2016-12-03,2.537
2016-12-04,2.445
2016-12-05,2.387
2016-12-06,2.319
2016-12-07,2.477
2016-12-08,8.304
2016-12-09,4.796
2016-12-10,5.020
2016-12-11,4.456
2016-12-12,3.771
2016-12-13,4.107
2016-12-14,4.006
2016-12-15,3.447
2016-12-16,3.257
2016-12-17,2.984
2016-12-18,2.857
2016-12-19,2.767
2016-12-20,2.664
2016-12-21,2.833
2016-12-22,2.624
2016-12-23,3.635
2016-12-24,3.633
2016-12-25,3.407
2016-12-26,3.876
2016-12-27,3.063
2016-12-28,2.805
2016-12-29,2.682
2016-12-30,2.611
2016-12-31,2.621
2017-01-01,4.060
2017-01-02,3.244
2017-01-03,2.905
2017-01-04,2.988
2017-01-05,2.634
2017-01-06,2.629
2017-01-07,3.087
2017-01-08,3.042
2017-01-09,5.447
2017-01-10,5.094
2017-01-11,3.917
2017-01-12,4.395
2017-01-13,5.829
2017-01-14,5.518
2017-01-15,15.770
2017-01-16,13.610
2017-01-17,9.118
2017-01-18,7.112
2017-01-19,5.614
2017-01-20,4.656
2017-01-21,4.079
2017-01-22,3.634
2017-01-23,3.332
2017-01-24,3.130
2017-01-25,2.997
2017-01-26,2.883
2017-01-27,2.795
2017-01-28,5.418
2017-01-29,4.269
2017-01-30,3.588
2017-01-31,4.712
2017-02-01,8.042
2017-02-02,5.280
2017-02-03,4.610
2017-02-04,5.236
2017-02-05,4.224
2017-02-06,4.957
2017-02-07,5.676
2017-02-08,4.296
2017-02-09,3.718
2017-02-10,3.364
2017-02-11,3.332
2017-02-12,3.450
2017-02-13,3.336
2017-02-14,3.017
2017-02-15,2.801
2017-02-16,2.721
2017-02-17,2.616
2017-02-18,2.529
2017-02-19,2.459
2017-02-20,2.686
2017-02-21,2.766
2017-02-22,3.951
2017-02-23,11.890
2017-02-24,6.951
2017-02-25,7.290
2017-02-26,7.238
2017-02-27,8.161
2017-02-28,14.030
2017-03-01,13.720
2017-03-02,15.780
2017-03-03,10.290
2017-03-04,8.612
2017-03-05,13.810
2017-03-06,10.870
2017-03-07,7.818
2017-03-08,9.310
2017-03-09,6.134
2017-03-10,5.127
2017-03-11,4.664
2017-03-12,4.445
2017-03-13,3.907
2017-03-14,3.600
2017-03-15,3.394
2017-03-16,3.246
2017-03-17,4.548
2017-03-18,8.443
2017-03-19,7.115
2017-03-20,12.800
2017-03-21,8.700
2017-03-22,11.090
2017-03-23,8.214
2017-03-24,5.901
2017-03-25,4.735
2017-03-26,4.107
2017-03-27,3.699
2017-03-28,3.427
2017-03-29,3.455
2017-03-30,3.240
2017-03-31,3.181
2017-04-01,3.604
2017-04-02,3.000
2017-04-03,2.860
2017-04-04,2.632
2017-04-05,2.525
2017-04-06,2.523
2017-04-07,2.417
2017-04-08,2.363
2017-04-09,2.299
2017-04-10,2.220
2017-04-11,2.235
2017-04-12,2.286
2017-04-13,2.182
2017-04-14,3.190
2017-04-15,2.851
2017-04-16,2.766
2017-04-17,2.861
2017-04-18,2.345
2017-04-19,2.208
2017-04-20,2.180
2017-04-21,2.102
2017-04-22,2.045
2017-04-23,2.007
2017-04-24,2.087
2017-04-25,2.082
2017-04-26,1.985
2017-04-27,1.983
2017-04-28,2.064
2017-04-29,1.944
2017-04-30,1.881
2017-05-01,1.861
2017-05-02,1.846
2017-05-03,1.744
2017-05-04,1.816
2017-05-05,1.756
2017-05-06,1.772
2017-05-07,1.728
2017-05-08,1.701
2017-05-09,1.705
2017-05-10,1.711
2017-05-11,1.679
2017-05-12,2.036
2017-05-13,1.925
2017-05-14,2.277
2017-05-15,3.268
2017-05-16,3.017
2017-05-17,2.854
2017-05-18,2.304
2017-05-19,1.912
2017-05-20,2.071
2017-05-21,1.796
2017-05-22,1.795
2017-05-23,1.642
2017-05-24,1.604
2017-05-25,1.535
2017-05-26,1.556
2017-05-27,1.660
2017-05-28,1.578
2017-05-29,1.756
2017-05-30,1.888
2017-05-31,1.625
2017-06-01,1.491
2017-06-02,1.631
2017-06-03,1.686
2017-06-04,1.754
2017-06-05,3.171
2017-06-06,4.233
2017-06-07,2.731
2017-06-08,3.191
2017-06-09,2.423
2017-06-10,6.471
2017-06-11,3.084
2017-06-12,2.322
2017-06-13,2.017
2017-06-14,1.871
2017-06-15,1.804
2017-06-16,1.673
2017-06-17,1.638
2017-06-18,1.581
2017-06-19,1.612
2017-06-20,1.556
2017-06-21,1.600
2017-06-22,1.642
2017-06-23,1.573
2017-06-24,1.658
2017-06-25,1.613
2017-06-26,1.543
2017-06-27,1.603
2017-06-28,2.741
2017-06-29,3.181
2017-06-30,2.291
2017-07-01,1.921
2017-07-02,1.856
2017-07-03,1.722
2017-07-04,1.677
2017-07-05,1.699
2017-07-06,1.729
2017-07-07,1.632
2017-07-08,1.512
2017-07-09,1.451
2017-07-10,2.019
2017-07-11,2.231
2017-07-12,1.778
2017-07-13,1.474
2017-07-14,1.484
2017-07-15,1.445
2017-07-16,1.668
2017-07-17,1.442
2017-07-18,1.308
2017-07-19,1.481
2017-07-20,1.665
2017-07-21,1.594
2017-07-22,2.691
2017-07-23,2.781
2017-07-24,1.826
2017-07-25,1.591
2017-07-26,3.288
2017-07-27,2.614
2017-07-28,4.065
2017-07-29,3.669
2017-07-30,2.276
2017-07-31,2.099
2017-08-01,2.780
2017-08-02,2.616
2017-08-03,2.110
2017-08-04,2.145
2017-08-05,1.827
2017-08-06,2.866
2017-08-07,4.844
2017-08-08,2.954
2017-08-09,3.940
2017-08-10,2.568
2017-08-11,2.217
2017-08-12,2.215
2017-08-13,1.883
2017-08-14,1.863
2017-08-15,1.865
2017-08-16,2.296
2017-08-17,5.046
2017-08-18,3.972
2017-08-19,3.416
2017-08-20,2.637
2017-08-21,2.216
2017-08-22,2.046
2017-08-23,1.927
2017-08-24,1.847
2017-08-25,1.718
2017-08-26,1.660
2017-08-27,1.596
2017-08-28,1.582
2017-08-29,1.643
2017-08-30,1.597
2017-08-31,1.548
2017-09-01,1.514
2017-09-02,1.495
2017-09-03,1.489
2017-09-04,1.689
2017-09-05,3.985
2017-09-06,2.393
2017-09-07,1.936
2017-09-08,3.492
2017-09-09,9.942
2017-09-10,6.898
2017-09-11,10.860
2017-09-12,7.366
2017-09-13,7.702
2017-09-14,5.485
2017-09-15,4.253
2017-09-16,3.638
2017-09-17,3.238
2017-09-18,3.223
2017-09-19,3.244
2017-09-20,2.712
2017-09-21,3.054
2017-09-22,2.962
2017-09-23,2.569
2017-09-24,2.319
2017-09-25,2.246
2017-09-26,2.096
2017-09-27,2.954
2017-09-28,4.468
2017-09-29,4.096
2017-09-30,5.400
2017-10-01,5.602
2017-10-02,3.921
2017-10-03,3.329
2017-10-04,4.792
2017-10-05,12.040
2017-10-06,5.493
2017-10-07,5.218
2017-10-08,4.786
2017-10-09,3.822
2017-10-10,3.681
2017-10-11,3.878
2017-10-12,3.500
2017-10-13,3.427
2017-10-14,3.072
2017-10-15,2.788
2017-10-16,2.530
2017-10-17,2.364
2017-10-18,2.281
2017-10-19,5.684
2017-10-20,6.373
2017-10-21,6.629
2017-10-22,12.330
2017-10-23,6.817
2017-10-24,5.736
2017-10-25,7.441
2017-10-26,4.852
2017-10-27,4.019
2017-10-28,3.691
2017-10-29,3.514
2017-10-30,3.202
2017-10-31,3.067
2017-11-01,2.950
2017-11-02,2.800
2017-11-03,3.010
2017-11-04,8.918
2017-11-05,11.160
2017-11-06,6.081
2017-11-07,5.685
2017-11-08,4.796
2017-11-09,4.111
2017-11-10,4.133
2017-11-11,4.363
2017-11-12,3.912
2017-11-13,3.359
2017-11-14,3.373
2017-11-15,3.180
2017-11-16,3.225
2017-11-17,3.019
2017-11-18,2.879
2017-11-19,2.754
2017-11-20,2.921
2017-11-21,4.210
2017-11-22,8.269
2017-11-23,6.911
2017-11-24,4.944
2017-11-25,6.856
2017-11-26,10.260
2017-11-27,16.970
2017-11-28,9.707
2017-11-29,6.462
2017-11-30,5.185
2017-12-01,4.434
2017-12-02,4.295
2017-12-03,4.497
2017-12-04,4.076
2017-12-05,3.825
2017-12-06,3.761
2017-12-07,5.841
2017-12-08,6.662
2017-12-09,5.008
2017-12-10,4.801
2017-12-11,4.142
2017-12-12,3.754
2017-12-13,8.671
2017-12-14,16.670
2017-12-15,14.870
2017-12-16,8.024
2017-12-17,9.144
2017-12-18,7.725
2017-12-19,6.137
2017-12-20,5.403
2017-12-21,5.014
2017-12-22,4.548
2017-12-23,4.373
2017-12-24,4.084
2017-12-25,7.026
2017-12-26,11.390
2017-12-27,6.272
2017-12-28,4.941
2017-12-29,11.160
2017-12-30,13.430
2017-12-31,9.513
2018-01-01,10.760
2018-01-02,12.840
2018-01-03,11.680
2018-01-04,7.917
2018-01-05,6.433
2018-01-06,5.421
2018-01-07,4.749
2018-01-08,4.375
2018-01-09,4.175
2018-01-10,4.165
2018-01-11,3.702
2018-01-12,3.541
2018-01-13,3.393
2018-01-14,3.456
2018-01-15,7.635
2018-01-16,8.171
2018-01-17,8.642
2018-01-18,21.630
2018-01-19,16.030
2018-01-20,9.776
2018-01-21,12.280
2018-01-22,10.380
2018-01-23,7.771
2018-01-24,8.803
2018-01-25,6.987
2018-01-26,5.907
2018-01-27,5.469
2018-01-28,4.946
2018-01-29,7.295
2018-01-30,5.812
2018-01-31,7.824
2018-02-01,8.795
2018-02-02,6.124
2018-02-03,7.706
2018-02-04,6.510
2018-02-05,5.379
2018-02-06,4.917
2018-02-07,4.474
2018-02-08,5.975
2018-02-09,8.900
2018-02-10,7.644
2018-02-11,9.515
2018-02-12,7.244
2018-02-13,7.531
2018-02-14,6.676
2018-02-15,6.292
2018-02-16,5.188
2018-02-17,5.349
2018-02-18,4.957
2018-02-19,6.384
2018-02-20,5.401
2018-02-21,4.726
2018-02-22,4.365
2018-02-23,4.026
2018-02-24,3.777
2018-02-25,3.553
2018-02-26,3.411
2018-02-27,3.504
2018-02-28,3.388
2018-03-01,3.297
2018-03-02,3.347
2018-03-03,3.240
2018-03-04,3.496
2018-03-05,4.196
2018-03-06,5.684
2018-03-07,4.069
2018-03-08,4.792
2018-03-09,5.102
2018-03-10,11.190
2018-03-11,7.077
2018-03-12,10.480
2018-03-13,6.759
2018-03-14,5.323
2018-03-15,5.155
2018-03-16,4.489
2018-03-17,4.151
2018-03-18,4.157
2018-03-19,3.845
2018-03-20,3.687
2018-03-21,3.565
2018-03-22,3.559
2018-03-23,3.624
2018-03-24,3.649
2018-03-25,3.348
2018-03-26,3.256
2018-03-27,5.210
2018-03-28,4.197
2018-03-29,3.720
2018-03-30,3.790
2018-03-31,3.846
2018-04-01,3.473
2018-04-02,14.270
2018-04-03,9.153
2018-04-04,9.638
2018-04-05,7.227
2018-04-06,5.340
2018-04-07,5.021
2018-04-08,4.360
2018-04-09,4.649
2018-04-10,7.974
2018-04-11,4.976
2018-04-12,4.300
2018-04-13,7.724
2018-04-14,5.013
2018-04-15,4.483
2018-04-16,3.997
2018-04-17,3.705
2018-04-18,3.451
2018-04-19,3.182
2018-04-20,2.994
2018-04-21,2.910
2018-04-22,2.962
2018-04-23,2.740
2018-04-24,4.931
2018-04-25,5.941
2018-04-26,4.322
2018-04-27,4.652
2018-04-28,3.871
2018-04-29,3.281
2018-04-30,2.993
2018-05-01,2.908
2018-05-02,5.374
2018-05-03,3.480
2018-05-04,3.018
2018-05-05,2.807
2018-05-06,2.694
2018-05-07,2.616
2018-05-08,2.677
2018-05-09,2.601
2018-05-10,2.616
2018-05-11,2.417
2018-05-12,2.432
2018-05-13,2.361
2018-05-14,2.260
2018-05-15,2.197
2018-05-16,2.140
2018-05-17,2.102
2018-05-18,2.081
2018-05-19,2.039
2018-05-20,2.003
2018-05-21,2.033
2018-05-22,1.926
2018-05-23,1.869
2018-05-24,1.841
2018-05-25,2.515
2018-05-26,1.948
2018-05-27,1.784
2018-05-28,1.721
2018-05-29,1.693
2018-05-30,2.194
2018-05-31,1.920
2018-06-01,1.728
2018-06-02,1.681
2018-06-03,1.626
2018-06-04,1.616
2018-06-05,1.541
2018-06-06,1.492
2018-06-07,1.476
2018-06-08,1.493
2018-06-09,1.474
2018-06-10,1.455
2018-06-11,1.470
2018-06-12,1.409
2018-06-13,1.401
2018-06-14,1.364
2018-06-15,1.381
2018-06-16,1.660
2018-06-17,1.610
2018-06-18,1.464
2018-06-19,1.406
2018-06-20,1.391
2018-06-21,1.318
2018-06-22,1.293
2018-06-23,1.283
2018-06-24,1.282
2018-06-25,1.261
2018-06-26,1.248
2018-06-27,1.218
2018-06-28,1.192
2018-06-29,1.181
2018-06-30,1.174
2018-07-01,1.191
2018-07-02,1.178
2018-07-03,1.185
2018-07-04,1.195
2018-07-05,1.156
2018-07-06,1.151
2018-07-07,1.137
2018-07-08,1.119
2018-07-09,1.144
2018-07-10,1.163
2018-07-11,1.146
2018-07-12,1.222
2018-07-13,1.891
2018-07-14,1.510
2018-07-15,1.311
2018-07-16,1.685
2018-07-17,1.576
2018-07-18,1.306
2018-07-19,1.222
2018-07-20,1.316
2018-07-21,1.273
2018-07-22,1.193
2018-07-23,1.212
2018-07-24,1.224
2018-07-25,1.184
2018-07-26,1.112
2018-07-27,1.104
2018-07-28,1.155
2018-07-29,2.852
2018-07-30,1.929
2018-07-31,1.434
2018-08-01,1.267
2018-08-02,1.162
2018-08-03,1.157
2018-08-04,1.133
2018-08-05,1.088
2018-08-06,1.100
2018-08-07,1.116
2018-08-08,1.317
2018-08-09,1.266
2018-08-10,1.523
2018-08-11,1.383
2018-08-12,1.860
2018-08-13,1.500
2018-08-14,1.344
2018-08-15,1.233
2018-08-16,1.692
2018-08-17,1.267
2018-08-18,1.164
2018-08-19,1.303
2018-08-20,1.226
2018-08-21,1.594
2018-08-22,1.325
2018-08-23,1.495
2018-08-24,2.379
2018-08-25,2.287
2018-08-26,2.396
2018-08-27,1.676
2018-08-28,1.395
2018-08-29,1.319
2018-08-30,1.278
2018-08-31,1.238
2018-09-01,1.193
2018-09-02,1.156
2018-09-03,1.254
2018-09-04,1.270
2018-09-05,1.219
2018-09-06,1.438
2018-09-07,1.664
2018-09-08,2.583
2018-09-09,1.940
2018-09-10,1.437
2018-09-11,2.217
2018-09-12,2.485
2018-09-13,1.569
2018-09-14,1.539
2018-09-15,1.502
2018-09-16,1.869
2018-09-17,1.693
2018-09-18,1.964
2018-09-19,2.521
2018-09-20,7.026
2018-09-21,14.850
2018-09-22,6.418
2018-09-23,3.460
2018-09-24,2.647
2018-09-25,2.222
2018-09-26,1.932
2018-09-27,1.771
2018-09-28,1.653
2018-09-29,1.609
2018-09-30,1.620
2018-10-01,1.656
2018-10-02,1.969
2018-10-03,1.627
2018-10-04,1.540
2018-10-05,1.851
2018-10-06,3.384
2018-10-07,2.034
2018-10-08,1.759
2018-10-09,1.619
2018-10-10,1.531
2018-10-11,1.869
2018-10-12,3.056
2018-10-13,5.643
2018-10-14,4.912
2018-10-15,3.625
2018-10-16,2.627
2018-10-17,2.256
2018-10-18,2.011
2018-10-19,1.875
2018-10-20,1.800
2018-10-21,1.740
2018-10-22,1.697
2018-10-23,1.664
2018-10-24,1.841
2018-10-25,1.705
2018-10-26,2.228
2018-10-27,1.842
2018-10-28,1.658
2018-10-29,1.625
2018-10-30,1.633
2018-10-31,1.606
2018-11-01,1.805
2018-11-02,1.788
2018-11-03,1.757
2018-11-04,1.865
2018-11-05,1.877
2018-11-06,1.708
2018-11-07,2.558
2018-11-08,2.327
2018-11-09,1.912
2018-11-10,2.066
2018-11-11,1.950
2018-11-12,1.943
2018-11-13,1.974
2018-11-14,1.977
2018-11-15,1.824
2018-11-16,1.775
2018-11-17,1.726
2018-11-18,1.676
2018-11-19,1.701
2018-11-20,1.923
2018-11-21,2.145
2018-11-22,1.930
2018-11-23,1.848
2018-11-24,1.867
2018-11-25,1.820
2018-11-26,1.867
2018-11-27,2.314
2018-11-28,2.787
2018-11-29,2.979
2018-11-30,2.752
2018-12-01,2.419
2018-12-02,3.167
2018-12-03,5.879
2018-12-04,4.269
2018-12-05,11.820
2018-12-06,8.288
2018-12-07,10.000
2018-12-08,9.138
2018-12-09,10.800
2018-12-10,7.433
2018-12-11,5.573
2018-12-12,4.564
2018-12-13,3.797
2018-12-14,3.322
2018-12-15,3.536
2018-12-16,3.859
2018-12-17,4.172
2018-12-18,4.641
2018-12-19,5.601
2018-12-20,4.762
2018-12-21,6.125
2018-12-22,6.228
2018-12-23,10.170
2018-12-24,6.998
2018-12-25,5.107
2018-12-26,4.237
2018-12-27,3.739
2018-12-28,3.386
2018-12-29,3.133
2018-12-30,2.962
2018-12-31,2.824
2019-01-01,2.666
2019-01-02,2.524
2019-01-03,2.452
2019-01-04,2.357
2019-01-05,2.291
2019-01-06,2.257
2019-01-07,2.484
2019-01-08,2.374
2019-01-09,2.206
2019-01-10,2.169
2019-01-11,2.154
2019-01-12,2.434
2019-01-13,2.593
2019-01-14,2.700
2019-01-15,2.436
2019-01-16,3.433
2019-01-17,3.528
2019-01-18,3.034
2019-01-19,3.152
2019-01-20,2.919
2019-01-21,3.150
2019-01-22,6.678
2019-01-23,5.048
2019-01-24,4.313
2019-01-25,5.632
2019-01-26,5.910
2019-01-27,8.324
2019-01-28,5.300
2019-01-29,6.883
2019-01-30,6.658
2019-01-31,5.077
2019-02-01,4.157
2019-02-02,3.579
2019-02-03,3.349
2019-02-04,5.774
2019-02-05,4.829
2019-02-06,5.080
2019-02-07,10.960
2019-02-08,7.636
2019-02-09,6.052
2019-02-10,5.089
2019-02-11,4.225
2019-02-12,3.704
2019-02-13,3.393
2019-02-14,3.118
2019-02-15,2.926
2019-02-16,2.769
2019-02-17,2.655
2019-02-18,2.541
2019-02-19,2.468
2019-02-20,2.574
2019-02-21,2.407
2019-02-22,2.286
2019-02-23,2.204
2019-02-24,2.144
2019-02-25,2.098
2019-02-26,2.059
2019-02-27,2.036
2019-02-28,2.329
2019-03-01,2.614
2019-03-02,2.294
2019-03-03,3.036
2019-03-04,4.540
2019-03-05,4.395
2019-03-06,6.658
2019-03-07,9.679
2019-03-08,7.315
2019-03-09,6.339
2019-03-10,12.160
2019-03-11,8.705
2019-03-12,20.490
2019-03-13,12.370
2019-03-14,15.060
2019-03-15,15.520
2019-03-16,25.450
2019-03-17,22.560
2019-03-18,13.360
2019-03-19,9.842
2019-03-20,7.465
2019-03-21,6.083
2019-03-22,5.231
2019-03-23,4.655
2019-03-24,4.105
2019-03-25,3.740
2019-03-26,3.426
2019-03-27,3.204
2019-03-28,3.044
2019-03-29,2.899
2019-03-30,2.776
2019-03-31,2.648
2019-04-01,2.658
2019-04-02,3.692
2019-04-03,2.940
2019-04-04,3.125
2019-04-05,3.260
2019-04-06,2.660
2019-04-07,2.525
2019-04-08,2.420
2019-04-09,2.293
2019-04-10,2.195
2019-04-11,2.142
2019-04-12,2.095
2019-04-13,2.047
2019-04-14,2.018
2019-04-15,2.018
2019-04-16,2.017
2019-04-17,1.974
2019-04-18,1.906
2019-04-19,1.851
2019-04-20,1.823
2019-04-21,1.826
2019-04-22,1.826
2019-04-23,1.812
2019-04-24,2.064
2019-04-25,2.189
2019-04-26,2.203
2019-04-27,7.062
2019-04-28,7.880
2019-04-29,3.637
2019-04-30,2.933
2019-05-01,2.615
2019-05-02,2.633
2019-05-03,3.222
2019-05-04,2.575
2019-05-05,2.220
2019-05-06,2.132
2019-05-07,2.073
2019-05-08,2.245
2019-05-09,2.211
2019-05-10,2.629
2019-05-11,2.234
2019-05-12,2.003
2019-05-13,1.913
2019-05-14,1.876
2019-05-15,1.768
2019-05-16,1.721
2019-05-17,1.698
2019-05-18,1.689
2019-05-19,1.694
2019-05-20,1.670
2019-05-21,1.614
2019-05-22,1.603
2019-05-23,1.580
2019-05-24,1.550
2019-05-25,1.535
2019-05-26,1.759
2019-05-27,1.952
2019-05-28,1.946
2019-05-29,1.693
2019-05-30,1.820
2019-05-31,1.592
2019-06-01,1.533
2019-06-02,1.607
2019-06-03,1.509
2019-06-04,2.489
2019-06-05,2.119
2019-06-06,1.672
2019-06-07,2.242
2019-06-08,3.472
2019-06-09,2.582
2019-06-10,2.463
2019-06-11,7.729
2019-06-12,10.200
2019-06-13,6.930
2019-06-14,6.773
2019-06-15,5.619
2019-06-16,5.265
2019-06-17,4.740
2019-06-18,4.346
2019-06-19,3.696
2019-06-20,3.049
2019-06-21,2.637
2019-06-22,2.341
2019-06-23,2.242
2019-06-24,2.141
2019-06-25,2.611
2019-06-26,2.109
2019-06-27,1.907
2019-06-28,1.789
2019-06-29,1.733
2019-06-30,1.663
2019-07-01,1.641
2019-07-02,1.608
2019-07-03,1.570
2019-07-04,1.548
2019-07-05,1.527
2019-07-06,1.701
2019-07-07,1.531
2019-07-08,1.674
2019-07-09,1.991
2019-07-10,1.826
2019-07-11,2.482
2019-07-12,2.321
2019-07-13,1.667
2019-07-14,1.562
2019-07-15,1.540
2019-07-16,1.389
2019-07-17,1.445
2019-07-18,1.638
2019-07-19,5.007
2019-07-20,2.842
2019-07-21,1.999
2019-07-22,1.778
2019-07-23,1.900
2019-07-24,4.314
2019-07-25,2.057
2019-07-26,1.760
2019-07-27,3.793
2019-07-28,26.520
2019-07-29,27.460
2019-07-30,13.110
2019-07-31,41.900
2019-08-01,34.770
2019-08-02,17.900
2019-08-03,9.577
2019-08-04,6.767
2019-08-05,5.338
2019-08-06,4.629
2019-08-07,4.145
2019-08-08,3.932
2019-08-09,10.840
2019-08-10,9.001
2019-08-11,5.610
2019-08-12,4.378
2019-08-13,4.432
2019-08-14,4.786
2019-08-15,5.306
2019-08-16,13.130
2019-08-17,12.900
2019-08-18,6.674
2019-08-19,5.125
2019-08-20,5.790
2019-08-21,4.884
2019-08-22,3.945
2019-08-23,3.503
2019-08-24,3.160
2019-08-25,2.894
2019-08-26,2.729
2019-08-27,2.647
2019-08-28,3.141
2019-08-29,2.748
2019-08-30,2.457
2019-08-31,3.159
2019-09-01,2.696
2019-09-02,2.515
2019-09-03,2.763
2019-09-04,4.114
2019-09-05,2.878
2019-09-06,2.739
2019-09-07,2.548
2019-09-08,2.348
2019-09-09,3.203
2019-09-10,2.874
2019-09-11,2.999
2019-09-12,2.573
2019-09-13,2.340
2019-09-14,2.204
2019-09-15,2.413
2019-09-16,2.883
2019-09-17,2.329
2019-09-18,2.180
2019-09-19,2.092
2019-09-20,2.028
2019-09-21,2.079
2019-09-22,6.658
2019-09-23,3.644
2019-09-24,8.236
2019-09-25,6.422
2019-09-26,11.840
2019-09-27,9.651
2019-09-28,10.800
2019-09-29,23.610
2019-09-30,17.830
2019-10-01,18.590
2019-10-02,9.906
2019-10-03,7.132
2019-10-04,8.261
2019-10-05,6.760
2019-10-06,10.610
2019-10-07,8.615
2019-10-08,6.758
2019-10-09,5.461
2019-10-10,5.163
2019-10-11,13.020
2019-10-12,8.962
2019-10-13,8.028
2019-10-14,6.960
2019-10-15,7.383
2019-10-16,6.186
2019-10-17,5.181
2019-10-18,7.507
2019-10-19,6.436
2019-10-20,4.952
2019-10-21,4.453
2019-10-22,4.054
2019-10-23,3.880
2019-10-24,3.706
2019-10-25,15.130
2019-10-26,38.470
2019-10-27,20.690
2019-10-28,11.490
2019-10-29,8.363
2019-10-30,6.753
2019-10-31,5.776
2019-11-01,6.554
2019-11-02,9.258
2019-11-03,7.385
2019-11-04,6.684
2019-11-05,5.699
2019-11-06,5.582
2019-11-07,24.860
2019-11-08,22.700
2019-11-09,12.000
2019-11-10,9.618
2019-11-11,19.040
2019-11-12,24.550
2019-11-13,14.580
2019-11-14,10.840
2019-11-15,10.400
2019-11-16,8.623
2019-11-17,8.692
2019-11-18,7.484
2019-11-19,6.404
2019-11-20,5.819
2019-11-21,5.384
2019-11-22,5.143
2019-11-23,5.011
2019-11-24,5.108
2019-11-25,5.170
2019-11-26,5.570
2019-11-27,7.191
2019-11-28,22.630
2019-11-29,12.500
2019-11-30,8.192
2019-12-01,6.485
2019-12-02,5.599
2019-12-03,5.207
2019-12-04,4.779
2019-12-05,4.474
2019-12-06,4.835
2019-12-07,4.878
2019-12-08,5.665
2019-12-09,4.562
2019-12-10,9.966
2019-12-11,10.460
2019-12-12,14.650
2019-12-13,21.700
2019-12-14,14.470
2019-12-15,11.030
2019-12-16,8.642
2019-12-17,6.924
2019-12-18,6.383
2019-12-19,9.366
2019-12-20,8.755
2019-12-21,7.803
2019-12-22,7.615
2019-12-23,6.723
2019-12-24,7.892
2019-12-25,7.070
2019-12-26,6.607
2019-12-27,5.723
2019-12-28,5.205
2019-12-29,4.865
2019-12-30,4.566
2019-12-31,4.356
2020-01-01,4.128
2020-01-02,4.061
2020-01-03,4.030
2020-01-04,3.745
2020-01-05,3.658
2020-01-06,3.701
2020-01-07,3.703
2020-01-08,4.299
2020-01-09,6.228
2020-01-10,4.363
2020-01-11,7.274
2020-01-12,16.480
2020-01-13,10.750
2020-01-14,10.790
2020-01-15,7.835
2020-01-16,6.345
2020-01-17,7.319
2020-01-18,6.166
2020-01-19,5.149
2020-01-20,4.811
2020-01-21,4.636
2020-01-22,4.514
2020-01-23,4.266
2020-01-24,4.176
2020-01-25,4.158
2020-01-26,4.524
2020-01-27,4.605
2020-01-28,5.657
2020-01-29,5.073
2020-01-30,4.476
2020-01-31,4.364
2020-02-01,4.199
2020-02-02,6.915
2020-02-03,5.921
2020-02-04,6.342
2020-02-05,5.082
2020-02-06,4.576
2020-02-07,4.336
2020-02-08,4.355
2020-02-09,19.500
2020-02-10,11.010
2020-02-11,7.189
2020-02-12,5.829
2020-02-13,6.858
2020-02-14,5.643
2020-02-15,13.430
2020-02-16,30.150
2020-02-17,14.310
2020-02-18,9.686
2020-02-19,9.353
2020-02-20,15.400
2020-02-21,12.870
2020-02-22,13.900
2020-02-23,31.170
2020-02-24,25.780
2020-02-25,16.600
2020-02-26,16.120
2020-02-27,12.360
2020-02-28,14.650
2020-02-29,18.230
2020-03-01,10.750
2020-03-02,8.175
2020-03-03,7.514
2020-03-04,6.584
2020-03-05,5.901
2020-03-06,5.272
2020-03-07,5.079
2020-03-08,8.104
2020-03-09,11.170
2020-03-10,20.810
2020-03-11,11.240
2020-03-12,8.772
2020-03-13,7.574
2020-03-14,7.011
2020-03-15,9.905
2020-03-16,6.852
2020-03-17,6.006
2020-03-18,8.353
2020-03-19,6.567
2020-03-20,5.642
2020-03-21,5.071
2020-03-22,4.580
2020-03-23,4.361
2020-03-24,4.087
2020-03-25,3.853
2020-03-26,3.651
2020-03-27,3.527
2020-03-28,3.401
2020-03-29,3.300
2020-03-30,3.240
2020-03-31,3.202
2020-04-01,3.157
2020-04-02,3.143
2020-04-03,3.028
2020-04-04,2.969
2020-04-05,2.890
2020-04-06,2.874
2020-04-07,2.719
2020-04-08,2.694
2020-04-09,2.633
2020-04-10,2.662
2020-04-11,2.658
2020-04-12,3.015
2020-04-13,2.823
2020-04-14,2.546
2020-04-15,2.549
2020-04-16,2.510
2020-04-17,2.459
2020-04-18,2.653
2020-04-19,2.465
2020-04-20,2.378
2020-04-21,2.335
2020-04-22,2.268
2020-04-23,2.256
2020-04-24,2.249
2020-04-25,2.239
2020-04-26,2.236
2020-04-27,2.232
2020-04-28,2.651
2020-04-29,3.210
2020-04-30,2.948
2020-05-01,3.465
2020-05-02,2.546
2020-05-03,2.391
2020-05-04,2.482
2020-05-05,2.398
2020-05-06,2.278
2020-05-07,2.152
2020-05-08,2.109
2020-05-09,2.118
2020-05-10,2.245
2020-05-11,2.055
2020-05-12,2.084
2020-05-13,2.037
2020-05-14,1.979
2020-05-15,1.973
2020-05-16,1.996
2020-05-17,1.986
2020-05-18,1.978
2020-05-19,1.964
2020-05-20,1.942
2020-05-21,1.965
2020-05-22,1.933
2020-05-23,1.804
2020-05-24,1.784
2020-05-25,1.774
2020-05-26,1.780
2020-05-27,1.818
2020-05-28,1.833
2020-05-29,1.716
2020-05-30,1.646
2020-05-31,1.615
2020-06-01,1.610
2020-06-02,1.617
2020-06-03,1.950
2020-06-04,1.936
2020-06-05,2.201
2020-06-06,4.867
2020-06-07,2.790
2020-06-08,2.227
2020-06-09,2.034
2020-06-10,2.356
2020-06-11,2.342
2020-06-12,2.193
2020-06-13,1.960
2020-06-14,1.905
2020-06-15,2.618
2020-06-16,3.735
2020-06-17,3.818
2020-06-18,6.652
2020-06-19,3.786
2020-06-20,2.869
2020-06-21,3.582
2020-06-22,2.413
2020-06-23,2.107
2020-06-24,1.977
2020-06-25,1.889
2020-06-26,1.968
2020-06-27,4.042
2020-06-28,2.818
2020-06-29,2.804
2020-06-30,2.513
2020-07-01,3.301
2020-07-02,3.683
2020-07-03,2.841
2020-07-04,3.096
2020-07-05,2.809
2020-07-06,3.034
2020-07-07,3.623
2020-07-08,6.666
2020-07-09,14.150
2020-07-10,6.110
2020-07-11,4.029
2020-07-12,3.198
2020-07-13,2.860
2020-07-14,2.675
2020-07-15,3.048
2020-07-16,2.764
2020-07-17,2.500
2020-07-18,3.208
2020-07-19,2.753
2020-07-20,2.315
2020-07-21,2.166
2020-07-22,2.084
2020-07-23,2.105
2020-07-24,2.242
2020-07-25,2.639
2020-07-26,2.177
2020-07-27,3.817
2020-07-28,2.884
2020-07-29,2.371
2020-07-30,2.179
2020-07-31,2.046
2020-08-01,1.988
2020-08-02,1.966
2020-08-03,1.966
2020-08-04,2.054
2020-08-05,2.611
2020-08-06,2.092
2020-08-07,1.966
2020-08-08,1.843
2020-08-09,1.810
2020-08-10,2.043
2020-08-11,2.006
2020-08-12,3.875
2020-08-13,2.309
2020-08-14,1.980
2020-08-15,1.774
2020-08-16,2.793
2020-08-17,3.503
2020-08-18,4.994
2020-08-19,3.350
2020-08-20,2.928
2020-08-21,3.371
2020-08-22,3.145
2020-08-23,3.410
2020-08-24,3.095
2020-08-25,12.530
2020-08-26,14.740
2020-08-27,8.910
2020-08-28,10.420
2020-08-29,6.686
2020-08-30,4.735
2020-08-31,3.855
2020-09-01,3.349
2020-09-02,4.393
2020-09-03,5.245
2020-09-04,3.659
2020-09-05,3.096
2020-09-06,3.155
2020-09-07,2.961
2020-09-08,2.937
2020-09-09,2.807
2020-09-10,2.591
2020-09-11,2.447
2020-09-12,2.405
2020-09-13,2.223
2020-09-14,2.157
2020-09-15,2.098
2020-09-16,2.042
2020-09-17,2.021
2020-09-18,1.983
2020-09-19,1.956
2020-09-20,1.930
2020-09-21,1.955
2020-09-22,1.971
2020-09-23,2.247
2020-09-24,2.338
2020-09-25,2.048
2020-09-26,1.907
2020-09-27,1.865
2020-09-28,1.863
2020-09-29,1.915
2020-09-30,3.154
